configuration_id,classification,branch_group,configuration_fuel_cap_lb,robust_fuel_cap_lb,fuel_point,fuel_lb,gross_weight_lb,cg_station_in,moment_lb_in,within_configuration_cap,inside_envelope,passenger_1_weight_lb,passenger_1_station_in,passenger_2_weight_lb,passenger_2_station_in,passenger_3_weight_lb,passenger_3_station_in,passenger_4_weight_lb,passenger_4_station_in
C001,non-critical,P1 light (hull-pruned),85175.000000,85015.000000,0,0.000000,162825.000000,847.857209,138052350.000000,True,True,185,650,185,650,185,650,185,650
C001,non-critical,P1 light (hull-pruned),85175.000000,85015.000000,1,23363.000000,186188.000000,834.323211,155340970.000000,True,True,185,650,185,650,185,650,185,650
C001,non-critical,P1 light (hull-pruned),85175.000000,85015.000000,2,54869.000000,217694.000000,828.140048,180281119.600000,True,True,185,650,185,650,185,650,185,650
C001,non-critical,P1 light (hull-pruned),85175.000000,85015.000000,3,87065.000000,249890.000000,839.485753,209779094.800000,False,False,185,650,185,650,185,650,185,650
C001,non-critical,P1 light (hull-pruned),85175.000000,85015.000000,4,93055.000000,255880.000000,845.176914,216263868.800000,False,False,185,650,185,650,185,650,185,650
C002,non-critical,P1 light (hull-pruned),85175.000000,85015.000000,0,0.000000,162825.000000,848.311684,138126350.000000,True,True,185,650,185,650,185,650,185,1050
C002,non-critical,P1 light (hull-pruned),85175.000000,85015.000000,1,23363.000000,186188.000000,834.720659,155414970.000000,True,True,185,650,185,650,185,650,185,1050
C002,non-critical,P1 light (hull-pruned),85175.000000,85015.000000,2,54869.000000,217694.000000,828.479975,180355119.600000,True,True,185,650,185,650,185,650,185,1050
C002,non-critical,P1 light (hull-pruned),85175.000000,85015.000000,3,87065.000000,249890.000000,839.781883,209853094.800000,False,False,185,650,185,650,185,650,185,1050
C002,non-critical,P1 light (hull-pruned),85175.000000,85015.000000,4,93055.000000,255880.000000,845.466112,216337868.800000,False,False,185,650,185,650,185,650,185,1050
C003,non-critical,P1 light (hull-pruned),85135.000000,85015.000000,0,0.000000,162865.000000,847.808614,138078350.000000,True,True,185,650,185,650,185,650,225,650
C003,non-critical,P1 light (hull-pruned),85135.000000,85015.000000,1,23363.000000,186228.000000,834.283620,155366970.000000,True,True,185,650,185,650,185,650,225,650
C003,non-critical,P1 light (hull-pruned),85135.000000,85015.000000,2,54869.000000,217734.000000,828.107322,180307119.600000,True,True,185,650,185,650,185,650,225,650
C003,non-critical,P1 light (hull-pruned),85135.000000,85015.000000,3,87065.000000,249930.000000,839.455427,209805094.800000,False,False,185,650,185,650,185,650,225,650
C003,non-critical,P1 light (hull-pruned),85135.000000,85015.000000,4,93055.000000,255920.000000,845.146408,216289868.800000,False,False,185,650,185,650,185,650,225,650
C004,non-critical,P1 light (hull-pruned),85135.000000,85015.000000,0,0.000000,162865.000000,848.361219,138168350.000000,True,True,185,650,185,650,185,650,225,1050
C004,non-critical,P1 light (hull-pruned),85135.000000,85015.000000,1,23363.000000,186228.000000,834.766899,155456970.000000,True,True,185,650,185,650,185,650,225,1050
C004,non-critical,P1 light (hull-pruned),85135.000000,85015.000000,2,54869.000000,217734.000000,828.520670,180397119.600000,True,True,185,650,185,650,185,650,225,1050
C004,non-critical,P1 light (hull-pruned),85135.000000,85015.000000,3,87065.000000,249930.000000,839.815528,209895094.800000,False,False,185,650,185,650,185,650,225,1050
C004,non-critical,P1 light (hull-pruned),85135.000000,85015.000000,4,93055.000000,255920.000000,845.498081,216379868.800000,False,False,185,650,185,650,185,650,225,1050
C005,non-critical,P1 light (hull-pruned),85175.000000,85015.000000,0,0.000000,162825.000000,848.311684,138126350.000000,True,True,185,650,185,650,185,1050,185,650
C005,non-critical,P1 light (hull-pruned),85175.000000,85015.000000,1,23363.000000,186188.000000,834.720659,155414970.000000,True,True,185,650,185,650,185,1050,185,650
C005,non-critical,P1 light (hull-pruned),85175.000000,85015.000000,2,54869.000000,217694.000000,828.479975,180355119.600000,True,True,185,650,185,650,185,1050,185,650
C005,non-critical,P1 light (hull-pruned),85175.000000,85015.000000,3,87065.000000,249890.000000,839.781883,209853094.800000,False,False,185,650,185,650,185,1050,185,650
C005,non-critical,P1 light (hull-pruned),85175.000000,85015.000000,4,93055.000000,255880.000000,845.466112,216337868.800000,False,False,185,650,185,650,185,1050,185,650
C006,non-critical,P1 light (hull-pruned),85175.000000,85015.000000,0,0.000000,162825.000000,848.766160,138200350.000000,True,True,185,650,185,650,185,1050,185,1050
C006,non-critical,P1 light (hull-pruned),85175.000000,85015.000000,1,23363.000000,186188.000000,835.118106,155488970.000000,True,True,185,650,185,650,185,1050,185,1050
C006,non-critical,P1 light (hull-pruned),85175.000000,85015.000000,2,54869.000000,217694.000000,828.819901,180429119.600000,True,True,185,650,185,650,185,1050,185,1050
C006,non-critical,P1 light (hull-pruned),85175.000000,85015.000000,3,87065.000000,249890.000000,840.078014,209927094.800000,False,False,185,650,185,650,185,1050,185,1050
C006,non-critical,P1 light (hull-pruned),85175.000000,85015.000000,4,93055.000000,255880.000000,845.755310,216411868.800000,False,False,185,650,185,650,185,1050,185,1050
C007,non-critical,P1 light (hull-pruned),85135.000000,85015.000000,0,0.000000,162865.000000,848.262979,138152350.000000,True,True,185,650,185,650,185,1050,225,650
C007,non-critical,P1 light (hull-pruned),85135.000000,85015.000000,1,23363.000000,186228.000000,834.680982,155440970.000000,True,True,185,650,185,650,185,1050,225,650
C007,non-critical,P1 light (hull-pruned),85135.000000,85015.000000,2,54869.000000,217734.000000,828.447186,180381119.600000,True,True,185,650,185,650,185,1050,225,650
C007,non-critical,P1 light (hull-pruned),85135.000000,85015.000000,3,87065.000000,249930.000000,839.751510,209879094.800000,False,False,185,650,185,650,185,1050,225,650
C007,non-critical,P1 light (hull-pruned),85135.000000,85015.000000,4,93055.000000,255920.000000,845.435561,216363868.800000,False,False,185,650,185,650,185,1050,225,650
C008,non-critical,P1 light (hull-pruned),85135.000000,85015.000000,0,0.000000,162865.000000,848.815583,138242350.000000,True,True,185,650,185,650,185,1050,225,1050
C008,non-critical,P1 light (hull-pruned),85135.000000,85015.000000,1,23363.000000,186228.000000,835.164261,155530970.000000,True,True,185,650,185,650,185,1050,225,1050
C008,non-critical,P1 light (hull-pruned),85135.000000,85015.000000,2,54869.000000,217734.000000,828.860534,180471119.600000,True,True,185,650,185,650,185,1050,225,1050
C008,non-critical,P1 light (hull-pruned),85135.000000,85015.000000,3,87065.000000,249930.000000,840.111610,209969094.800000,False,False,185,650,185,650,185,1050,225,1050
C008,non-critical,P1 light (hull-pruned),85135.000000,85015.000000,4,93055.000000,255920.000000,845.787234,216453868.800000,False,False,185,650,185,650,185,1050,225,1050
C009,non-critical,P1 light (hull-pruned),85135.000000,85015.000000,0,0.000000,162865.000000,847.808614,138078350.000000,True,True,185,650,185,650,225,650,185,650
C009,non-critical,P1 light (hull-pruned),85135.000000,85015.000000,1,23363.000000,186228.000000,834.283620,155366970.000000,True,True,185,650,185,650,225,650,185,650
C009,non-critical,P1 light (hull-pruned),85135.000000,85015.000000,2,54869.000000,217734.000000,828.107322,180307119.600000,True,True,185,650,185,650,225,650,185,650
C009,non-critical,P1 light (hull-pruned),85135.000000,85015.000000,3,87065.000000,249930.000000,839.455427,209805094.800000,False,False,185,650,185,650,225,650,185,650
C009,non-critical,P1 light (hull-pruned),85135.000000,85015.000000,4,93055.000000,255920.000000,845.146408,216289868.800000,False,False,185,650,185,650,225,650,185,650
C010,non-critical,P1 light (hull-pruned),85135.000000,85015.000000,0,0.000000,162865.000000,848.262979,138152350.000000,True,True,185,650,185,650,225,650,185,1050
C010,non-critical,P1 light (hull-pruned),85135.000000,85015.000000,1,23363.000000,186228.000000,834.680982,155440970.000000,True,True,185,650,185,650,225,650,185,1050
C010,non-critical,P1 light (hull-pruned),85135.000000,85015.000000,2,54869.000000,217734.000000,828.447186,180381119.600000,True,True,185,650,185,650,225,650,185,1050
C010,non-critical,P1 light (hull-pruned),85135.000000,85015.000000,3,87065.000000,249930.000000,839.751510,209879094.800000,False,False,185,650,185,650,225,650,185,1050
C010,non-critical,P1 light (hull-pruned),85135.000000,85015.000000,4,93055.000000,255920.000000,845.435561,216363868.800000,False,False,185,650,185,650,225,650,185,1050
C011,non-critical,P1 light (hull-pruned),85095.000000,85015.000000,0,0.000000,162905.000000,847.760044,138104350.000000,True,True,185,650,185,650,225,650,225,650
C011,non-critical,P1 light (hull-pruned),85095.000000,85015.000000,1,23363.000000,186268.000000,834.244046,155392970.000000,True,True,185,650,185,650,225,650,225,650
C011,non-critical,P1 light (hull-pruned),85095.000000,85015.000000,2,54869.000000,217774.000000,828.074608,180333119.600000,True,True,185,650,185,650,225,650,225,650
C011,non-critical,P1 light (hull-pruned),85095.000000,85015.000000,3,87065.000000,249970.000000,839.425110,209831094.800000,False,False,185,650,185,650,225,650,225,650
C011,non-critical,P1 light (hull-pruned),85095.000000,85015.000000,4,93055.000000,255960.000000,845.115912,216315868.800000,False,False,185,650,185,650,225,650,225,650
C012,non-critical,P1 light (hull-pruned),85095.000000,85015.000000,0,0.000000,162905.000000,848.312513,138194350.000000,True,True,185,650,185,650,225,650,225,1050
C012,non-critical,P1 light (hull-pruned),85095.000000,85015.000000,1,23363.000000,186268.000000,834.727221,155482970.000000,True,True,185,650,185,650,225,650,225,1050
C012,non-critical,P1 light (hull-pruned),85095.000000,85015.000000,2,54869.000000,217774.000000,828.487880,180423119.600000,True,True,185,650,185,650,225,650,225,1050
C012,non-critical,P1 light (hull-pruned),85095.000000,85015.000000,3,87065.000000,249970.000000,839.785153,209921094.800000,False,False,185,650,185,650,225,650,225,1050
C012,non-critical,P1 light (hull-pruned),85095.000000,85015.000000,4,93055.000000,255960.000000,845.467529,216405868.800000,False,False,185,650,185,650,225,650,225,1050
C013,non-critical,P1 light (hull-pruned),85135.000000,85015.000000,0,0.000000,162865.000000,848.361219,138168350.000000,True,True,185,650,185,650,225,1050,185,650
C013,non-critical,P1 light (hull-pruned),85135.000000,85015.000000,1,23363.000000,186228.000000,834.766899,155456970.000000,True,True,185,650,185,650,225,1050,185,650
C013,non-critical,P1 light (hull-pruned),85135.000000,85015.000000,2,54869.000000,217734.000000,828.520670,180397119.600000,True,True,185,650,185,650,225,1050,185,650
C013,non-critical,P1 light (hull-pruned),85135.000000,85015.000000,3,87065.000000,249930.000000,839.815528,209895094.800000,False,False,185,650,185,650,225,1050,185,650
C013,non-critical,P1 light (hull-pruned),85135.000000,85015.000000,4,93055.000000,255920.000000,845.498081,216379868.800000,False,False,185,650,185,650,225,1050,185,650
C014,non-critical,P1 light (hull-pruned),85135.000000,85015.000000,0,0.000000,162865.000000,848.815583,138242350.000000,True,True,185,650,185,650,225,1050,185,1050
C014,non-critical,P1 light (hull-pruned),85135.000000,85015.000000,1,23363.000000,186228.000000,835.164261,155530970.000000,True,True,185,650,185,650,225,1050,185,1050
C014,non-critical,P1 light (hull-pruned),85135.000000,85015.000000,2,54869.000000,217734.000000,828.860534,180471119.600000,True,True,185,650,185,650,225,1050,185,1050
C014,non-critical,P1 light (hull-pruned),85135.000000,85015.000000,3,87065.000000,249930.000000,840.111610,209969094.800000,False,False,185,650,185,650,225,1050,185,1050
C014,non-critical,P1 light (hull-pruned),85135.000000,85015.000000,4,93055.000000,255920.000000,845.787234,216453868.800000,False,False,185,650,185,650,225,1050,185,1050
C015,non-critical,P1 light (hull-pruned),85095.000000,85015.000000,0,0.000000,162905.000000,848.312513,138194350.000000,True,True,185,650,185,650,225,1050,225,650
C015,non-critical,P1 light (hull-pruned),85095.000000,85015.000000,1,23363.000000,186268.000000,834.727221,155482970.000000,True,True,185,650,185,650,225,1050,225,650
C015,non-critical,P1 light (hull-pruned),85095.000000,85015.000000,2,54869.000000,217774.000000,828.487880,180423119.600000,True,True,185,650,185,650,225,1050,225,650
C015,non-critical,P1 light (hull-pruned),85095.000000,85015.000000,3,87065.000000,249970.000000,839.785153,209921094.800000,False,False,185,650,185,650,225,1050,225,650
C015,non-critical,P1 light (hull-pruned),85095.000000,85015.000000,4,93055.000000,255960.000000,845.467529,216405868.800000,False,False,185,650,185,650,225,1050,225,650
C016,non-critical,P1 light (hull-pruned),85095.000000,85015.000000,0,0.000000,162905.000000,848.864983,138284350.000000,True,True,185,650,185,650,225,1050,225,1050
C016,non-critical,P1 light (hull-pruned),85095.000000,85015.000000,1,23363.000000,186268.000000,835.210396,155572970.000000,True,True,185,650,185,650,225,1050,225,1050
C016,non-critical,P1 light (hull-pruned),85095.000000,85015.000000,2,54869.000000,217774.000000,828.901153,180513119.600000,True,True,185,650,185,650,225,1050,225,1050
C016,non-critical,P1 light (hull-pruned),85095.000000,85015.000000,3,87065.000000,249970.000000,840.145197,210011094.800000,False,False,185,650,185,650,225,1050,225,1050
C016,non-critical,P1 light (hull-pruned),85095.000000,85015.000000,4,93055.000000,255960.000000,845.819147,216495868.800000,False,False,185,650,185,650,225,1050,225,1050
C017,non-critical,P1 light (hull-pruned),85175.000000,85015.000000,0,0.000000,162825.000000,848.311684,138126350.000000,True,True,185,650,185,1050,185,650,185,650
C017,non-critical,P1 light (hull-pruned),85175.000000,85015.000000,1,23363.000000,186188.000000,834.720659,155414970.000000,True,True,185,650,185,1050,185,650,185,650
C017,non-critical,P1 light (hull-pruned),85175.000000,85015.000000,2,54869.000000,217694.000000,828.479975,180355119.600000,True,True,185,650,185,1050,185,650,185,650
C017,non-critical,P1 light (hull-pruned),85175.000000,85015.000000,3,87065.000000,249890.000000,839.781883,209853094.800000,False,False,185,650,185,1050,185,650,185,650
C017,non-critical,P1 light (hull-pruned),85175.000000,85015.000000,4,93055.000000,255880.000000,845.466112,216337868.800000,False,False,185,650,185,1050,185,650,185,650
C018,non-critical,P1 light (hull-pruned),85175.000000,85015.000000,0,0.000000,162825.000000,848.766160,138200350.000000,True,True,185,650,185,1050,185,650,185,1050
C018,non-critical,P1 light (hull-pruned),85175.000000,85015.000000,1,23363.000000,186188.000000,835.118106,155488970.000000,True,True,185,650,185,1050,185,650,185,1050
C018,non-critical,P1 light (hull-pruned),85175.000000,85015.000000,2,54869.000000,217694.000000,828.819901,180429119.600000,True,True,185,650,185,1050,185,650,185,1050
C018,non-critical,P1 light (hull-pruned),85175.000000,85015.000000,3,87065.000000,249890.000000,840.078014,209927094.800000,False,False,185,650,185,1050,185,650,185,1050
C018,non-critical,P1 light (hull-pruned),85175.000000,85015.000000,4,93055.000000,255880.000000,845.755310,216411868.800000,False,False,185,650,185,1050,185,650,185,1050
C019,non-critical,P1 light (hull-pruned),85135.000000,85015.000000,0,0.000000,162865.000000,848.262979,138152350.000000,True,True,185,650,185,1050,185,650,225,650
C019,non-critical,P1 light (hull-pruned),85135.000000,85015.000000,1,23363.000000,186228.000000,834.680982,155440970.000000,True,True,185,650,185,1050,185,650,225,650
C019,non-critical,P1 light (hull-pruned),85135.000000,85015.000000,2,54869.000000,217734.000000,828.447186,180381119.600000,True,True,185,650,185,1050,185,650,225,650
C019,non-critical,P1 light (hull-pruned),85135.000000,85015.000000,3,87065.000000,249930.000000,839.751510,209879094.800000,False,False,185,650,185,1050,185,650,225,650
C019,non-critical,P1 light (hull-pruned),85135.000000,85015.000000,4,93055.000000,255920.000000,845.435561,216363868.800000,False,False,185,650,185,1050,185,650,225,650
C020,non-critical,P1 light (hull-pruned),85135.000000,85015.000000,0,0.000000,162865.000000,848.815583,138242350.000000,True,True,185,650,185,1050,185,650,225,1050
C020,non-critical,P1 light (hull-pruned),85135.000000,85015.000000,1,23363.000000,186228.000000,835.164261,155530970.000000,True,True,185,650,185,1050,185,650,225,1050
C020,non-critical,P1 light (hull-pruned),85135.000000,85015.000000,2,54869.000000,217734.000000,828.860534,180471119.600000,True,True,185,650,185,1050,185,650,225,1050
C020,non-critical,P1 light (hull-pruned),85135.000000,85015.000000,3,87065.000000,249930.000000,840.111610,209969094.800000,False,False,185,650,185,1050,185,650,225,1050
C020,non-critical,P1 light (hull-pruned),85135.000000,85015.000000,4,93055.000000,255920.000000,845.787234,216453868.800000,False,False,185,650,185,1050,185,650,225,1050
C021,non-critical,P1 light (hull-pruned),85175.000000,85015.000000,0,0.000000,162825.000000,848.766160,138200350.000000,True,True,185,650,185,1050,185,1050,185,650
C021,non-critical,P1 light (hull-pruned),85175.000000,85015.000000,1,23363.000000,186188.000000,835.118106,155488970.000000,True,True,185,650,185,1050,185,1050,185,650
C021,non-critical,P1 light (hull-pruned),85175.000000,85015.000000,2,54869.000000,217694.000000,828.819901,180429119.600000,True,True,185,650,185,1050,185,1050,185,650
C021,non-critical,P1 light (hull-pruned),85175.000000,85015.000000,3,87065.000000,249890.000000,840.078014,209927094.800000,False,False,185,650,185,1050,185,1050,185,650
C021,non-critical,P1 light (hull-pruned),85175.000000,85015.000000,4,93055.000000,255880.000000,845.755310,216411868.800000,False,False,185,650,185,1050,185,1050,185,650
C022,non-critical,P1 light (hull-pruned),85175.000000,85015.000000,0,0.000000,162825.000000,849.220636,138274350.000000,True,True,185,650,185,1050,185,1050,185,1050
C022,non-critical,P1 light (hull-pruned),85175.000000,85015.000000,1,23363.000000,186188.000000,835.515554,155562970.000000,True,True,185,650,185,1050,185,1050,185,1050
C022,non-critical,P1 light (hull-pruned),85175.000000,85015.000000,2,54869.000000,217694.000000,829.159828,180503119.600000,True,True,185,650,185,1050,185,1050,185,1050
C022,non-critical,P1 light (hull-pruned),85175.000000,85015.000000,3,87065.000000,249890.000000,840.374144,210001094.800000,False,False,185,650,185,1050,185,1050,185,1050
C022,non-critical,P1 light (hull-pruned),85175.000000,85015.000000,4,93055.000000,255880.000000,846.044508,216485868.800000,False,False,185,650,185,1050,185,1050,185,1050
C023,non-critical,P1 light (hull-pruned),85135.000000,85015.000000,0,0.000000,162865.000000,848.717343,138226350.000000,True,True,185,650,185,1050,185,1050,225,650
C023,non-critical,P1 light (hull-pruned),85135.000000,85015.000000,1,23363.000000,186228.000000,835.078345,155514970.000000,True,True,185,650,185,1050,185,1050,225,650
C023,non-critical,P1 light (hull-pruned),85135.000000,85015.000000,2,54869.000000,217734.000000,828.787050,180455119.600000,True,True,185,650,185,1050,185,1050,225,650
C023,non-critical,P1 light (hull-pruned),85135.000000,85015.000000,3,87065.000000,249930.000000,840.047593,209953094.800000,False,False,185,650,185,1050,185,1050,225,650
C023,non-critical,P1 light (hull-pruned),85135.000000,85015.000000,4,93055.000000,255920.000000,845.724714,216437868.800000,False,False,185,650,185,1050,185,1050,225,650
C024,non-critical,P1 light (hull-pruned),85135.000000,85015.000000,0,0.000000,162865.000000,849.269948,138316350.000000,True,True,185,650,185,1050,185,1050,225,1050
C024,non-critical,P1 light (hull-pruned),85135.000000,85015.000000,1,23363.000000,186228.000000,835.561623,155604970.000000,True,True,185,650,185,1050,185,1050,225,1050
C024,non-critical,P1 light (hull-pruned),85135.000000,85015.000000,2,54869.000000,217734.000000,829.200399,180545119.600000,True,True,185,650,185,1050,185,1050,225,1050
C024,non-critical,P1 light (hull-pruned),85135.000000,85015.000000,3,87065.000000,249930.000000,840.407693,210043094.800000,False,False,185,650,185,1050,185,1050,225,1050
C024,non-critical,P1 light (hull-pruned),85135.000000,85015.000000,4,93055.000000,255920.000000,846.076386,216527868.800000,False,False,185,650,185,1050,185,1050,225,1050
C025,non-critical,P1 light (hull-pruned),85135.000000,85015.000000,0,0.000000,162865.000000,848.262979,138152350.000000,True,True,185,650,185,1050,225,650,185,650
C025,non-critical,P1 light (hull-pruned),85135.000000,85015.000000,1,23363.000000,186228.000000,834.680982,155440970.000000,True,True,185,650,185,1050,225,650,185,650
C025,non-critical,P1 light (hull-pruned),85135.000000,85015.000000,2,54869.000000,217734.000000,828.447186,180381119.600000,True,True,185,650,185,1050,225,650,185,650
C025,non-critical,P1 light (hull-pruned),85135.000000,85015.000000,3,87065.000000,249930.000000,839.751510,209879094.800000,False,False,185,650,185,1050,225,650,185,650
C025,non-critical,P1 light (hull-pruned),85135.000000,85015.000000,4,93055.000000,255920.000000,845.435561,216363868.800000,False,False,185,650,185,1050,225,650,185,650
C026,non-critical,P1 light (hull-pruned),85135.000000,85015.000000,0,0.000000,162865.000000,848.717343,138226350.000000,True,True,185,650,185,1050,225,650,185,1050
C026,non-critical,P1 light (hull-pruned),85135.000000,85015.000000,1,23363.000000,186228.000000,835.078345,155514970.000000,True,True,185,650,185,1050,225,650,185,1050
C026,non-critical,P1 light (hull-pruned),85135.000000,85015.000000,2,54869.000000,217734.000000,828.787050,180455119.600000,True,True,185,650,185,1050,225,650,185,1050
C026,non-critical,P1 light (hull-pruned),85135.000000,85015.000000,3,87065.000000,249930.000000,840.047593,209953094.800000,False,False,185,650,185,1050,225,650,185,1050
C026,non-critical,P1 light (hull-pruned),85135.000000,85015.000000,4,93055.000000,255920.000000,845.724714,216437868.800000,False,False,185,650,185,1050,225,650,185,1050
C027,non-critical,P1 light (hull-pruned),85095.000000,85015.000000,0,0.000000,162905.000000,848.214297,138178350.000000,True,True,185,650,185,1050,225,650,225,650
C027,non-critical,P1 light (hull-pruned),85095.000000,85015.000000,1,23363.000000,186268.000000,834.641323,155466970.000000,True,True,185,650,185,1050,225,650,225,650
C027,non-critical,P1 light (hull-pruned),85095.000000,85015.000000,2,54869.000000,217774.000000,828.414409,180407119.600000,True,True,185,650,185,1050,225,650,225,650
C027,non-critical,P1 light (hull-pruned),85095.000000,85015.000000,3,87065.000000,249970.000000,839.721146,209905094.800000,False,False,185,650,185,1050,225,650,225,650
C027,non-critical,P1 light (hull-pruned),85095.000000,85015.000000,4,93055.000000,255960.000000,845.405020,216389868.800000,False,False,185,650,185,1050,225,650,225,650
C028,non-critical,P1 light (hull-pruned),85095.000000,85015.000000,0,0.000000,162905.000000,848.766766,138268350.000000,True,True,185,650,185,1050,225,650,225,1050
C028,non-critical,P1 light (hull-pruned),85095.000000,85015.000000,1,23363.000000,186268.000000,835.124498,155556970.000000,True,True,185,650,185,1050,225,650,225,1050
C028,non-critical,P1 light (hull-pruned),85095.000000,85015.000000,2,54869.000000,217774.000000,828.827682,180497119.600000,True,True,185,650,185,1050,225,650,225,1050
C028,non-critical,P1 light (hull-pruned),85095.000000,85015.000000,3,87065.000000,249970.000000,840.081189,209995094.800000,False,False,185,650,185,1050,225,650,225,1050
C028,non-critical,P1 light (hull-pruned),85095.000000,85015.000000,4,93055.000000,255960.000000,845.756637,216479868.800000,False,False,185,650,185,1050,225,650,225,1050
C029,non-critical,P1 light (hull-pruned),85135.000000,85015.000000,0,0.000000,162865.000000,848.815583,138242350.000000,True,True,185,650,185,1050,225,1050,185,650
C029,non-critical,P1 light (hull-pruned),85135.000000,85015.000000,1,23363.000000,186228.000000,835.164261,155530970.000000,True,True,185,650,185,1050,225,1050,185,650
C029,non-critical,P1 light (hull-pruned),85135.000000,85015.000000,2,54869.000000,217734.000000,828.860534,180471119.600000,True,True,185,650,185,1050,225,1050,185,650
C029,non-critical,P1 light (hull-pruned),85135.000000,85015.000000,3,87065.000000,249930.000000,840.111610,209969094.800000,False,False,185,650,185,1050,225,1050,185,650
C029,non-critical,P1 light (hull-pruned),85135.000000,85015.000000,4,93055.000000,255920.000000,845.787234,216453868.800000,False,False,185,650,185,1050,225,1050,185,650
C030,non-critical,P1 light (hull-pruned),85135.000000,85015.000000,0,0.000000,162865.000000,849.269948,138316350.000000,True,True,185,650,185,1050,225,1050,185,1050
C030,non-critical,P1 light (hull-pruned),85135.000000,85015.000000,1,23363.000000,186228.000000,835.561623,155604970.000000,True,True,185,650,185,1050,225,1050,185,1050
C030,non-critical,P1 light (hull-pruned),85135.000000,85015.000000,2,54869.000000,217734.000000,829.200399,180545119.600000,True,True,185,650,185,1050,225,1050,185,1050
C030,non-critical,P1 light (hull-pruned),85135.000000,85015.000000,3,87065.000000,249930.000000,840.407693,210043094.800000,False,False,185,650,185,1050,225,1050,185,1050
C030,non-critical,P1 light (hull-pruned),85135.000000,85015.000000,4,93055.000000,255920.000000,846.076386,216527868.800000,False,False,185,650,185,1050,225,1050,185,1050
C031,non-critical,P1 light (hull-pruned),85095.000000,85015.000000,0,0.000000,162905.000000,848.766766,138268350.000000,True,True,185,650,185,1050,225,1050,225,650
C031,non-critical,P1 light (hull-pruned),85095.000000,85015.000000,1,23363.000000,186268.000000,835.124498,155556970.000000,True,True,185,650,185,1050,225,1050,225,650
C031,non-critical,P1 light (hull-pruned),85095.000000,85015.000000,2,54869.000000,217774.000000,828.827682,180497119.600000,True,True,185,650,185,1050,225,1050,225,650
C031,non-critical,P1 light (hull-pruned),85095.000000,85015.000000,3,87065.000000,249970.000000,840.081189,209995094.800000,False,False,185,650,185,1050,225,1050,225,650
C031,non-critical,P1 light (hull-pruned),85095.000000,85015.000000,4,93055.000000,255960.000000,845.756637,216479868.800000,False,False,185,650,185,1050,225,1050,225,650
C032,non-critical,P1 light (hull-pruned),85095.000000,85015.000000,0,0.000000,162905.000000,849.319235,138358350.000000,True,True,185,650,185,1050,225,1050,225,1050
C032,non-critical,P1 light (hull-pruned),85095.000000,85015.000000,1,23363.000000,186268.000000,835.607673,155646970.000000,True,True,185,650,185,1050,225,1050,225,1050
C032,non-critical,P1 light (hull-pruned),85095.000000,85015.000000,2,54869.000000,217774.000000,829.240954,180587119.600000,True,True,185,650,185,1050,225,1050,225,1050
C032,non-critical,P1 light (hull-pruned),85095.000000,85015.000000,3,87065.000000,249970.000000,840.441232,210085094.800000,False,False,185,650,185,1050,225,1050,225,1050
C032,non-critical,P1 light (hull-pruned),85095.000000,85015.000000,4,93055.000000,255960.000000,846.108254,216569868.800000,False,False,185,650,185,1050,225,1050,225,1050
C033,non-critical,P1 light (hull-pruned),85135.000000,85015.000000,0,0.000000,162865.000000,847.808614,138078350.000000,True,True,185,650,225,650,185,650,185,650
C033,non-critical,P1 light (hull-pruned),85135.000000,85015.000000,1,23363.000000,186228.000000,834.283620,155366970.000000,True,True,185,650,225,650,185,650,185,650
C033,non-critical,P1 light (hull-pruned),85135.000000,85015.000000,2,54869.000000,217734.000000,828.107322,180307119.600000,True,True,185,650,225,650,185,650,185,650
C033,non-critical,P1 light (hull-pruned),85135.000000,85015.000000,3,87065.000000,249930.000000,839.455427,209805094.800000,False,False,185,650,225,650,185,650,185,650
C033,non-critical,P1 light (hull-pruned),85135.000000,85015.000000,4,93055.000000,255920.000000,845.146408,216289868.800000,False,False,185,650,225,650,185,650,185,650
C034,non-critical,P1 light (hull-pruned),85135.000000,85015.000000,0,0.000000,162865.000000,848.262979,138152350.000000,True,True,185,650,225,650,185,650,185,1050
C034,non-critical,P1 light (hull-pruned),85135.000000,85015.000000,1,23363.000000,186228.000000,834.680982,155440970.000000,True,True,185,650,225,650,185,650,185,1050
C034,non-critical,P1 light (hull-pruned),85135.000000,85015.000000,2,54869.000000,217734.000000,828.447186,180381119.600000,True,True,185,650,225,650,185,650,185,1050
C034,non-critical,P1 light (hull-pruned),85135.000000,85015.000000,3,87065.000000,249930.000000,839.751510,209879094.800000,False,False,185,650,225,650,185,650,185,1050
C034,non-critical,P1 light (hull-pruned),85135.000000,85015.000000,4,93055.000000,255920.000000,845.435561,216363868.800000,False,False,185,650,225,650,185,650,185,1050
C035,non-critical,P1 light (hull-pruned),85095.000000,85015.000000,0,0.000000,162905.000000,847.760044,138104350.000000,True,True,185,650,225,650,185,650,225,650
C035,non-critical,P1 light (hull-pruned),85095.000000,85015.000000,1,23363.000000,186268.000000,834.244046,155392970.000000,True,True,185,650,225,650,185,650,225,650
C035,non-critical,P1 light (hull-pruned),85095.000000,85015.000000,2,54869.000000,217774.000000,828.074608,180333119.600000,True,True,185,650,225,650,185,650,225,650
C035,non-critical,P1 light (hull-pruned),85095.000000,85015.000000,3,87065.000000,249970.000000,839.425110,209831094.800000,False,False,185,650,225,650,185,650,225,650
C035,non-critical,P1 light (hull-pruned),85095.000000,85015.000000,4,93055.000000,255960.000000,845.115912,216315868.800000,False,False,185,650,225,650,185,650,225,650
C036,non-critical,P1 light (hull-pruned),85095.000000,85015.000000,0,0.000000,162905.000000,848.312513,138194350.000000,True,True,185,650,225,650,185,650,225,1050
C036,non-critical,P1 light (hull-pruned),85095.000000,85015.000000,1,23363.000000,186268.000000,834.727221,155482970.000000,True,True,185,650,225,650,185,650,225,1050
C036,non-critical,P1 light (hull-pruned),85095.000000,85015.000000,2,54869.000000,217774.000000,828.487880,180423119.600000,True,True,185,650,225,650,185,650,225,1050
C036,non-critical,P1 light (hull-pruned),85095.000000,85015.000000,3,87065.000000,249970.000000,839.785153,209921094.800000,False,False,185,650,225,650,185,650,225,1050
C036,non-critical,P1 light (hull-pruned),85095.000000,85015.000000,4,93055.000000,255960.000000,845.467529,216405868.800000,False,False,185,650,225,650,185,650,225,1050
C037,non-critical,P1 light (hull-pruned),85135.000000,85015.000000,0,0.000000,162865.000000,848.262979,138152350.000000,True,True,185,650,225,650,185,1050,185,650
C037,non-critical,P1 light (hull-pruned),85135.000000,85015.000000,1,23363.000000,186228.000000,834.680982,155440970.000000,True,True,185,650,225,650,185,1050,185,650
C037,non-critical,P1 light (hull-pruned),85135.000000,85015.000000,2,54869.000000,217734.000000,828.447186,180381119.600000,True,True,185,650,225,650,185,1050,185,650
C037,non-critical,P1 light (hull-pruned),85135.000000,85015.000000,3,87065.000000,249930.000000,839.751510,209879094.800000,False,False,185,650,225,650,185,1050,185,650
C037,non-critical,P1 light (hull-pruned),85135.000000,85015.000000,4,93055.000000,255920.000000,845.435561,216363868.800000,False,False,185,650,225,650,185,1050,185,650
C038,non-critical,P1 light (hull-pruned),85135.000000,85015.000000,0,0.000000,162865.000000,848.717343,138226350.000000,True,True,185,650,225,650,185,1050,185,1050
C038,non-critical,P1 light (hull-pruned),85135.000000,85015.000000,1,23363.000000,186228.000000,835.078345,155514970.000000,True,True,185,650,225,650,185,1050,185,1050
C038,non-critical,P1 light (hull-pruned),85135.000000,85015.000000,2,54869.000000,217734.000000,828.787050,180455119.600000,True,True,185,650,225,650,185,1050,185,1050
C038,non-critical,P1 light (hull-pruned),85135.000000,85015.000000,3,87065.000000,249930.000000,840.047593,209953094.800000,False,False,185,650,225,650,185,1050,185,1050
C038,non-critical,P1 light (hull-pruned),85135.000000,85015.000000,4,93055.000000,255920.000000,845.724714,216437868.800000,False,False,185,650,225,650,185,1050,185,1050
C039,non-critical,P1 light (hull-pruned),85095.000000,85015.000000,0,0.000000,162905.000000,848.214297,138178350.000000,True,True,185,650,225,650,185,1050,225,650
C039,non-critical,P1 light (hull-pruned),85095.000000,85015.000000,1,23363.000000,186268.000000,834.641323,155466970.000000,True,True,185,650,225,650,185,1050,225,650
C039,non-critical,P1 light (hull-pruned),85095.000000,85015.000000,2,54869.000000,217774.000000,828.414409,180407119.600000,True,True,185,650,225,650,185,1050,225,650
C039,non-critical,P1 light (hull-pruned),85095.000000,85015.000000,3,87065.000000,249970.000000,839.721146,209905094.800000,False,False,185,650,225,650,185,1050,225,650
C039,non-critical,P1 light (hull-pruned),85095.000000,85015.000000,4,93055.000000,255960.000000,845.405020,216389868.800000,False,False,185,650,225,650,185,1050,225,650
C040,non-critical,P1 light (hull-pruned),85095.000000,85015.000000,0,0.000000,162905.000000,848.766766,138268350.000000,True,True,185,650,225,650,185,1050,225,1050
C040,non-critical,P1 light (hull-pruned),85095.000000,85015.000000,1,23363.000000,186268.000000,835.124498,155556970.000000,True,True,185,650,225,650,185,1050,225,1050
C040,non-critical,P1 light (hull-pruned),85095.000000,85015.000000,2,54869.000000,217774.000000,828.827682,180497119.600000,True,True,185,650,225,650,185,1050,225,1050
C040,non-critical,P1 light (hull-pruned),85095.000000,85015.000000,3,87065.000000,249970.000000,840.081189,209995094.800000,False,False,185,650,225,650,185,1050,225,1050
C040,non-critical,P1 light (hull-pruned),85095.000000,85015.000000,4,93055.000000,255960.000000,845.756637,216479868.800000,False,False,185,650,225,650,185,1050,225,1050
C041,non-critical,P1 light (hull-pruned),85095.000000,85015.000000,0,0.000000,162905.000000,847.760044,138104350.000000,True,True,185,650,225,650,225,650,185,650
C041,non-critical,P1 light (hull-pruned),85095.000000,85015.000000,1,23363.000000,186268.000000,834.244046,155392970.000000,True,True,185,650,225,650,225,650,185,650
C041,non-critical,P1 light (hull-pruned),85095.000000,85015.000000,2,54869.000000,217774.000000,828.074608,180333119.600000,True,True,185,650,225,650,225,650,185,650
C041,non-critical,P1 light (hull-pruned),85095.000000,85015.000000,3,87065.000000,249970.000000,839.425110,209831094.800000,False,False,185,650,225,650,225,650,185,650
C041,non-critical,P1 light (hull-pruned),85095.000000,85015.000000,4,93055.000000,255960.000000,845.115912,216315868.800000,False,False,185,650,225,650,225,650,185,650
C042,non-critical,P1 light (hull-pruned),85095.000000,85015.000000,0,0.000000,162905.000000,848.214297,138178350.000000,True,True,185,650,225,650,225,650,185,1050
C042,non-critical,P1 light (hull-pruned),85095.000000,85015.000000,1,23363.000000,186268.000000,834.641323,155466970.000000,True,True,185,650,225,650,225,650,185,1050
C042,non-critical,P1 light (hull-pruned),85095.000000,85015.000000,2,54869.000000,217774.000000,828.414409,180407119.600000,True,True,185,650,225,650,225,650,185,1050
C042,non-critical,P1 light (hull-pruned),85095.000000,85015.000000,3,87065.000000,249970.000000,839.721146,209905094.800000,False,False,185,650,225,650,225,650,185,1050
C042,non-critical,P1 light (hull-pruned),85095.000000,85015.000000,4,93055.000000,255960.000000,845.405020,216389868.800000,False,False,185,650,225,650,225,650,185,1050
C043,non-critical,P1 light (hull-pruned),85055.000000,85015.000000,0,0.000000,162945.000000,847.711498,138130350.000000,True,True,185,650,225,650,225,650,225,650
C043,non-critical,P1 light (hull-pruned),85055.000000,85015.000000,1,23363.000000,186308.000000,834.204489,155418970.000000,True,True,185,650,225,650,225,650,225,650
C043,non-critical,P1 light (hull-pruned),85055.000000,85015.000000,2,54869.000000,217814.000000,828.041905,180359119.600000,True,True,185,650,225,650,225,650,225,650
C043,non-critical,P1 light (hull-pruned),85055.000000,85015.000000,3,87065.000000,250010.000000,839.394803,209857094.800000,False,False,185,650,225,650,225,650,225,650
C043,non-critical,P1 light (hull-pruned),85055.000000,85015.000000,4,93055.000000,256000.000000,845.085425,216341868.800000,False,False,185,650,225,650,225,650,225,650
C044,non-critical,P1 light (hull-pruned),85055.000000,85015.000000,0,0.000000,162945.000000,848.263831,138220350.000000,True,True,185,650,225,650,225,650,225,1050
C044,non-critical,P1 light (hull-pruned),85055.000000,85015.000000,1,23363.000000,186308.000000,834.687560,155508970.000000,True,True,185,650,225,650,225,650,225,1050
C044,non-critical,P1 light (hull-pruned),85055.000000,85015.000000,2,54869.000000,217814.000000,828.455102,180449119.600000,True,True,185,650,225,650,225,650,225,1050
C044,non-critical,P1 light (hull-pruned),85055.000000,85015.000000,3,87065.000000,250010.000000,839.754789,209947094.800000,False,False,185,650,225,650,225,650,225,1050
C044,non-critical,P1 light (hull-pruned),85055.000000,85015.000000,4,93055.000000,256000.000000,845.436988,216431868.800000,False,False,185,650,225,650,225,650,225,1050
C045,non-critical,P1 light (hull-pruned),85095.000000,85015.000000,0,0.000000,162905.000000,848.312513,138194350.000000,True,True,185,650,225,650,225,1050,185,650
C045,non-critical,P1 light (hull-pruned),85095.000000,85015.000000,1,23363.000000,186268.000000,834.727221,155482970.000000,True,True,185,650,225,650,225,1050,185,650
C045,non-critical,P1 light (hull-pruned),85095.000000,85015.000000,2,54869.000000,217774.000000,828.487880,180423119.600000,True,True,185,650,225,650,225,1050,185,650
C045,non-critical,P1 light (hull-pruned),85095.000000,85015.000000,3,87065.000000,249970.000000,839.785153,209921094.800000,False,False,185,650,225,650,225,1050,185,650
C045,non-critical,P1 light (hull-pruned),85095.000000,85015.000000,4,93055.000000,255960.000000,845.467529,216405868.800000,False,False,185,650,225,650,225,1050,185,650
C046,non-critical,P1 light (hull-pruned),85095.000000,85015.000000,0,0.000000,162905.000000,848.766766,138268350.000000,True,True,185,650,225,650,225,1050,185,1050
C046,non-critical,P1 light (hull-pruned),85095.000000,85015.000000,1,23363.000000,186268.000000,835.124498,155556970.000000,True,True,185,650,225,650,225,1050,185,1050
C046,non-critical,P1 light (hull-pruned),85095.000000,85015.000000,2,54869.000000,217774.000000,828.827682,180497119.600000,True,True,185,650,225,650,225,1050,185,1050
C046,non-critical,P1 light (hull-pruned),85095.000000,85015.000000,3,87065.000000,249970.000000,840.081189,209995094.800000,False,False,185,650,225,650,225,1050,185,1050
C046,non-critical,P1 light (hull-pruned),85095.000000,85015.000000,4,93055.000000,255960.000000,845.756637,216479868.800000,False,False,185,650,225,650,225,1050,185,1050
C047,non-critical,P1 light (hull-pruned),85055.000000,85015.000000,0,0.000000,162945.000000,848.263831,138220350.000000,True,True,185,650,225,650,225,1050,225,650
C047,non-critical,P1 light (hull-pruned),85055.000000,85015.000000,1,23363.000000,186308.000000,834.687560,155508970.000000,True,True,185,650,225,650,225,1050,225,650
C047,non-critical,P1 light (hull-pruned),85055.000000,85015.000000,2,54869.000000,217814.000000,828.455102,180449119.600000,True,True,185,650,225,650,225,1050,225,650
C047,non-critical,P1 light (hull-pruned),85055.000000,85015.000000,3,87065.000000,250010.000000,839.754789,209947094.800000,False,False,185,650,225,650,225,1050,225,650
C047,non-critical,P1 light (hull-pruned),85055.000000,85015.000000,4,93055.000000,256000.000000,845.436988,216431868.800000,False,False,185,650,225,650,225,1050,225,650
C048,non-critical,P1 light (hull-pruned),85055.000000,85015.000000,0,0.000000,162945.000000,848.816165,138310350.000000,True,True,185,650,225,650,225,1050,225,1050
C048,non-critical,P1 light (hull-pruned),85055.000000,85015.000000,1,23363.000000,186308.000000,835.170631,155598970.000000,True,True,185,650,225,650,225,1050,225,1050
C048,non-critical,P1 light (hull-pruned),85055.000000,85015.000000,2,54869.000000,217814.000000,828.868299,180539119.600000,True,True,185,650,225,650,225,1050,225,1050
C048,non-critical,P1 light (hull-pruned),85055.000000,85015.000000,3,87065.000000,250010.000000,840.114775,210037094.800000,False,False,185,650,225,650,225,1050,225,1050
C048,non-critical,P1 light (hull-pruned),85055.000000,85015.000000,4,93055.000000,256000.000000,845.788550,216521868.800000,False,False,185,650,225,650,225,1050,225,1050
C049,non-critical,P1 light (hull-pruned),85135.000000,85015.000000,0,0.000000,162865.000000,848.361219,138168350.000000,True,True,185,650,225,1050,185,650,185,650
C049,non-critical,P1 light (hull-pruned),85135.000000,85015.000000,1,23363.000000,186228.000000,834.766899,155456970.000000,True,True,185,650,225,1050,185,650,185,650
C049,non-critical,P1 light (hull-pruned),85135.000000,85015.000000,2,54869.000000,217734.000000,828.520670,180397119.600000,True,True,185,650,225,1050,185,650,185,650
C049,non-critical,P1 light (hull-pruned),85135.000000,85015.000000,3,87065.000000,249930.000000,839.815528,209895094.800000,False,False,185,650,225,1050,185,650,185,650
C049,non-critical,P1 light (hull-pruned),85135.000000,85015.000000,4,93055.000000,255920.000000,845.498081,216379868.800000,False,False,185,650,225,1050,185,650,185,650
C050,non-critical,P1 light (hull-pruned),85135.000000,85015.000000,0,0.000000,162865.000000,848.815583,138242350.000000,True,True,185,650,225,1050,185,650,185,1050
C050,non-critical,P1 light (hull-pruned),85135.000000,85015.000000,1,23363.000000,186228.000000,835.164261,155530970.000000,True,True,185,650,225,1050,185,650,185,1050
C050,non-critical,P1 light (hull-pruned),85135.000000,85015.000000,2,54869.000000,217734.000000,828.860534,180471119.600000,True,True,185,650,225,1050,185,650,185,1050
C050,non-critical,P1 light (hull-pruned),85135.000000,85015.000000,3,87065.000000,249930.000000,840.111610,209969094.800000,False,False,185,650,225,1050,185,650,185,1050
C050,non-critical,P1 light (hull-pruned),85135.000000,85015.000000,4,93055.000000,255920.000000,845.787234,216453868.800000,False,False,185,650,225,1050,185,650,185,1050
C051,non-critical,P1 light (hull-pruned),85095.000000,85015.000000,0,0.000000,162905.000000,848.312513,138194350.000000,True,True,185,650,225,1050,185,650,225,650
C051,non-critical,P1 light (hull-pruned),85095.000000,85015.000000,1,23363.000000,186268.000000,834.727221,155482970.000000,True,True,185,650,225,1050,185,650,225,650
C051,non-critical,P1 light (hull-pruned),85095.000000,85015.000000,2,54869.000000,217774.000000,828.487880,180423119.600000,True,True,185,650,225,1050,185,650,225,650
C051,non-critical,P1 light (hull-pruned),85095.000000,85015.000000,3,87065.000000,249970.000000,839.785153,209921094.800000,False,False,185,650,225,1050,185,650,225,650
C051,non-critical,P1 light (hull-pruned),85095.000000,85015.000000,4,93055.000000,255960.000000,845.467529,216405868.800000,False,False,185,650,225,1050,185,650,225,650
C052,non-critical,P1 light (hull-pruned),85095.000000,85015.000000,0,0.000000,162905.000000,848.864983,138284350.000000,True,True,185,650,225,1050,185,650,225,1050
C052,non-critical,P1 light (hull-pruned),85095.000000,85015.000000,1,23363.000000,186268.000000,835.210396,155572970.000000,True,True,185,650,225,1050,185,650,225,1050
C052,non-critical,P1 light (hull-pruned),85095.000000,85015.000000,2,54869.000000,217774.000000,828.901153,180513119.600000,True,True,185,650,225,1050,185,650,225,1050
C052,non-critical,P1 light (hull-pruned),85095.000000,85015.000000,3,87065.000000,249970.000000,840.145197,210011094.800000,False,False,185,650,225,1050,185,650,225,1050
C052,non-critical,P1 light (hull-pruned),85095.000000,85015.000000,4,93055.000000,255960.000000,845.819147,216495868.800000,False,False,185,650,225,1050,185,650,225,1050
C053,non-critical,P1 light (hull-pruned),85135.000000,85015.000000,0,0.000000,162865.000000,848.815583,138242350.000000,True,True,185,650,225,1050,185,1050,185,650
C053,non-critical,P1 light (hull-pruned),85135.000000,85015.000000,1,23363.000000,186228.000000,835.164261,155530970.000000,True,True,185,650,225,1050,185,1050,185,650
C053,non-critical,P1 light (hull-pruned),85135.000000,85015.000000,2,54869.000000,217734.000000,828.860534,180471119.600000,True,True,185,650,225,1050,185,1050,185,650
C053,non-critical,P1 light (hull-pruned),85135.000000,85015.000000,3,87065.000000,249930.000000,840.111610,209969094.800000,False,False,185,650,225,1050,185,1050,185,650
C053,non-critical,P1 light (hull-pruned),85135.000000,85015.000000,4,93055.000000,255920.000000,845.787234,216453868.800000,False,False,185,650,225,1050,185,1050,185,650
C054,non-critical,P1 light (hull-pruned),85135.000000,85015.000000,0,0.000000,162865.000000,849.269948,138316350.000000,True,True,185,650,225,1050,185,1050,185,1050
C054,non-critical,P1 light (hull-pruned),85135.000000,85015.000000,1,23363.000000,186228.000000,835.561623,155604970.000000,True,True,185,650,225,1050,185,1050,185,1050
C054,non-critical,P1 light (hull-pruned),85135.000000,85015.000000,2,54869.000000,217734.000000,829.200399,180545119.600000,True,True,185,650,225,1050,185,1050,185,1050
C054,non-critical,P1 light (hull-pruned),85135.000000,85015.000000,3,87065.000000,249930.000000,840.407693,210043094.800000,False,False,185,650,225,1050,185,1050,185,1050
C054,non-critical,P1 light (hull-pruned),85135.000000,85015.000000,4,93055.000000,255920.000000,846.076386,216527868.800000,False,False,185,650,225,1050,185,1050,185,1050
C055,non-critical,P1 light (hull-pruned),85095.000000,85015.000000,0,0.000000,162905.000000,848.766766,138268350.000000,True,True,185,650,225,1050,185,1050,225,650
C055,non-critical,P1 light (hull-pruned),85095.000000,85015.000000,1,23363.000000,186268.000000,835.124498,155556970.000000,True,True,185,650,225,1050,185,1050,225,650
C055,non-critical,P1 light (hull-pruned),85095.000000,85015.000000,2,54869.000000,217774.000000,828.827682,180497119.600000,True,True,185,650,225,1050,185,1050,225,650
C055,non-critical,P1 light (hull-pruned),85095.000000,85015.000000,3,87065.000000,249970.000000,840.081189,209995094.800000,False,False,185,650,225,1050,185,1050,225,650
C055,non-critical,P1 light (hull-pruned),85095.000000,85015.000000,4,93055.000000,255960.000000,845.756637,216479868.800000,False,False,185,650,225,1050,185,1050,225,650
C056,non-critical,P1 light (hull-pruned),85095.000000,85015.000000,0,0.000000,162905.000000,849.319235,138358350.000000,True,True,185,650,225,1050,185,1050,225,1050
C056,non-critical,P1 light (hull-pruned),85095.000000,85015.000000,1,23363.000000,186268.000000,835.607673,155646970.000000,True,True,185,650,225,1050,185,1050,225,1050
C056,non-critical,P1 light (hull-pruned),85095.000000,85015.000000,2,54869.000000,217774.000000,829.240954,180587119.600000,True,True,185,650,225,1050,185,1050,225,1050
C056,non-critical,P1 light (hull-pruned),85095.000000,85015.000000,3,87065.000000,249970.000000,840.441232,210085094.800000,False,False,185,650,225,1050,185,1050,225,1050
C056,non-critical,P1 light (hull-pruned),85095.000000,85015.000000,4,93055.000000,255960.000000,846.108254,216569868.800000,False,False,185,650,225,1050,185,1050,225,1050
C057,non-critical,P1 light (hull-pruned),85095.000000,85015.000000,0,0.000000,162905.000000,848.312513,138194350.000000,True,True,185,650,225,1050,225,650,185,650
C057,non-critical,P1 light (hull-pruned),85095.000000,85015.000000,1,23363.000000,186268.000000,834.727221,155482970.000000,True,True,185,650,225,1050,225,650,185,650
C057,non-critical,P1 light (hull-pruned),85095.000000,85015.000000,2,54869.000000,217774.000000,828.487880,180423119.600000,True,True,185,650,225,1050,225,650,185,650
C057,non-critical,P1 light (hull-pruned),85095.000000,85015.000000,3,87065.000000,249970.000000,839.785153,209921094.800000,False,False,185,650,225,1050,225,650,185,650
C057,non-critical,P1 light (hull-pruned),85095.000000,85015.000000,4,93055.000000,255960.000000,845.467529,216405868.800000,False,False,185,650,225,1050,225,650,185,650
C058,non-critical,P1 light (hull-pruned),85095.000000,85015.000000,0,0.000000,162905.000000,848.766766,138268350.000000,True,True,185,650,225,1050,225,650,185,1050
C058,non-critical,P1 light (hull-pruned),85095.000000,85015.000000,1,23363.000000,186268.000000,835.124498,155556970.000000,True,True,185,650,225,1050,225,650,185,1050
C058,non-critical,P1 light (hull-pruned),85095.000000,85015.000000,2,54869.000000,217774.000000,828.827682,180497119.600000,True,True,185,650,225,1050,225,650,185,1050
C058,non-critical,P1 light (hull-pruned),85095.000000,85015.000000,3,87065.000000,249970.000000,840.081189,209995094.800000,False,False,185,650,225,1050,225,650,185,1050
C058,non-critical,P1 light (hull-pruned),85095.000000,85015.000000,4,93055.000000,255960.000000,845.756637,216479868.800000,False,False,185,650,225,1050,225,650,185,1050
C059,non-critical,P1 light (hull-pruned),85055.000000,85015.000000,0,0.000000,162945.000000,848.263831,138220350.000000,True,True,185,650,225,1050,225,650,225,650
C059,non-critical,P1 light (hull-pruned),85055.000000,85015.000000,1,23363.000000,186308.000000,834.687560,155508970.000000,True,True,185,650,225,1050,225,650,225,650
C059,non-critical,P1 light (hull-pruned),85055.000000,85015.000000,2,54869.000000,217814.000000,828.455102,180449119.600000,True,True,185,650,225,1050,225,650,225,650
C059,non-critical,P1 light (hull-pruned),85055.000000,85015.000000,3,87065.000000,250010.000000,839.754789,209947094.800000,False,False,185,650,225,1050,225,650,225,650
C059,non-critical,P1 light (hull-pruned),85055.000000,85015.000000,4,93055.000000,256000.000000,845.436988,216431868.800000,False,False,185,650,225,1050,225,650,225,650
C060,non-critical,P1 light (hull-pruned),85055.000000,85015.000000,0,0.000000,162945.000000,848.816165,138310350.000000,True,True,185,650,225,1050,225,650,225,1050
C060,non-critical,P1 light (hull-pruned),85055.000000,85015.000000,1,23363.000000,186308.000000,835.170631,155598970.000000,True,True,185,650,225,1050,225,650,225,1050
C060,non-critical,P1 light (hull-pruned),85055.000000,85015.000000,2,54869.000000,217814.000000,828.868299,180539119.600000,True,True,185,650,225,1050,225,650,225,1050
C060,non-critical,P1 light (hull-pruned),85055.000000,85015.000000,3,87065.000000,250010.000000,840.114775,210037094.800000,False,False,185,650,225,1050,225,650,225,1050
C060,non-critical,P1 light (hull-pruned),85055.000000,85015.000000,4,93055.000000,256000.000000,845.788550,216521868.800000,False,False,185,650,225,1050,225,650,225,1050
C061,non-critical,P1 light (hull-pruned),85095.000000,85015.000000,0,0.000000,162905.000000,848.864983,138284350.000000,True,True,185,650,225,1050,225,1050,185,650
C061,non-critical,P1 light (hull-pruned),85095.000000,85015.000000,1,23363.000000,186268.000000,835.210396,155572970.000000,True,True,185,650,225,1050,225,1050,185,650
C061,non-critical,P1 light (hull-pruned),85095.000000,85015.000000,2,54869.000000,217774.000000,828.901153,180513119.600000,True,True,185,650,225,1050,225,1050,185,650
C061,non-critical,P1 light (hull-pruned),85095.000000,85015.000000,3,87065.000000,249970.000000,840.145197,210011094.800000,False,False,185,650,225,1050,225,1050,185,650
C061,non-critical,P1 light (hull-pruned),85095.000000,85015.000000,4,93055.000000,255960.000000,845.819147,216495868.800000,False,False,185,650,225,1050,225,1050,185,650
C062,non-critical,P1 light (hull-pruned),85095.000000,85015.000000,0,0.000000,162905.000000,849.319235,138358350.000000,True,True,185,650,225,1050,225,1050,185,1050
C062,non-critical,P1 light (hull-pruned),85095.000000,85015.000000,1,23363.000000,186268.000000,835.607673,155646970.000000,True,True,185,650,225,1050,225,1050,185,1050
C062,non-critical,P1 light (hull-pruned),85095.000000,85015.000000,2,54869.000000,217774.000000,829.240954,180587119.600000,True,True,185,650,225,1050,225,1050,185,1050
C062,non-critical,P1 light (hull-pruned),85095.000000,85015.000000,3,87065.000000,249970.000000,840.441232,210085094.800000,False,False,185,650,225,1050,225,1050,185,1050
C062,non-critical,P1 light (hull-pruned),85095.000000,85015.000000,4,93055.000000,255960.000000,846.108254,216569868.800000,False,False,185,650,225,1050,225,1050,185,1050
C063,non-critical,P1 light (hull-pruned),85055.000000,85015.000000,0,0.000000,162945.000000,848.816165,138310350.000000,True,True,185,650,225,1050,225,1050,225,650
C063,non-critical,P1 light (hull-pruned),85055.000000,85015.000000,1,23363.000000,186308.000000,835.170631,155598970.000000,True,True,185,650,225,1050,225,1050,225,650
C063,non-critical,P1 light (hull-pruned),85055.000000,85015.000000,2,54869.000000,217814.000000,828.868299,180539119.600000,True,True,185,650,225,1050,225,1050,225,650
C063,non-critical,P1 light (hull-pruned),85055.000000,85015.000000,3,87065.000000,250010.000000,840.114775,210037094.800000,False,False,185,650,225,1050,225,1050,225,650
C063,non-critical,P1 light (hull-pruned),85055.000000,85015.000000,4,93055.000000,256000.000000,845.788550,216521868.800000,False,False,185,650,225,1050,225,1050,225,650
C064,non-critical,P1 light (hull-pruned),85055.000000,85015.000000,0,0.000000,162945.000000,849.368499,138400350.000000,True,True,185,650,225,1050,225,1050,225,1050
C064,non-critical,P1 light (hull-pruned),85055.000000,85015.000000,1,23363.000000,186308.000000,835.653702,155688970.000000,True,True,185,650,225,1050,225,1050,225,1050
C064,non-critical,P1 light (hull-pruned),85055.000000,85015.000000,2,54869.000000,217814.000000,829.281495,180629119.600000,True,True,185,650,225,1050,225,1050,225,1050
C064,non-critical,P1 light (hull-pruned),85055.000000,85015.000000,3,87065.000000,250010.000000,840.474760,210127094.800000,False,False,185,650,225,1050,225,1050,225,1050
C064,non-critical,P1 light (hull-pruned),85055.000000,85015.000000,4,93055.000000,256000.000000,846.140113,216611868.800000,False,False,185,650,225,1050,225,1050,225,1050
C065,non-critical,P1 light (hull-pruned),85175.000000,85015.000000,0,0.000000,162825.000000,848.311684,138126350.000000,True,True,185,1050,185,650,185,650,185,650
C065,non-critical,P1 light (hull-pruned),85175.000000,85015.000000,1,23363.000000,186188.000000,834.720659,155414970.000000,True,True,185,1050,185,650,185,650,185,650
C065,non-critical,P1 light (hull-pruned),85175.000000,85015.000000,2,54869.000000,217694.000000,828.479975,180355119.600000,True,True,185,1050,185,650,185,650,185,650
C065,non-critical,P1 light (hull-pruned),85175.000000,85015.000000,3,87065.000000,249890.000000,839.781883,209853094.800000,False,False,185,1050,185,650,185,650,185,650
C065,non-critical,P1 light (hull-pruned),85175.000000,85015.000000,4,93055.000000,255880.000000,845.466112,216337868.800000,False,False,185,1050,185,650,185,650,185,650
C066,non-critical,P1 light (hull-pruned),85175.000000,85015.000000,0,0.000000,162825.000000,848.766160,138200350.000000,True,True,185,1050,185,650,185,650,185,1050
C066,non-critical,P1 light (hull-pruned),85175.000000,85015.000000,1,23363.000000,186188.000000,835.118106,155488970.000000,True,True,185,1050,185,650,185,650,185,1050
C066,non-critical,P1 light (hull-pruned),85175.000000,85015.000000,2,54869.000000,217694.000000,828.819901,180429119.600000,True,True,185,1050,185,650,185,650,185,1050
C066,non-critical,P1 light (hull-pruned),85175.000000,85015.000000,3,87065.000000,249890.000000,840.078014,209927094.800000,False,False,185,1050,185,650,185,650,185,1050
C066,non-critical,P1 light (hull-pruned),85175.000000,85015.000000,4,93055.000000,255880.000000,845.755310,216411868.800000,False,False,185,1050,185,650,185,650,185,1050
C067,non-critical,P1 light (hull-pruned),85135.000000,85015.000000,0,0.000000,162865.000000,848.262979,138152350.000000,True,True,185,1050,185,650,185,650,225,650
C067,non-critical,P1 light (hull-pruned),85135.000000,85015.000000,1,23363.000000,186228.000000,834.680982,155440970.000000,True,True,185,1050,185,650,185,650,225,650
C067,non-critical,P1 light (hull-pruned),85135.000000,85015.000000,2,54869.000000,217734.000000,828.447186,180381119.600000,True,True,185,1050,185,650,185,650,225,650
C067,non-critical,P1 light (hull-pruned),85135.000000,85015.000000,3,87065.000000,249930.000000,839.751510,209879094.800000,False,False,185,1050,185,650,185,650,225,650
C067,non-critical,P1 light (hull-pruned),85135.000000,85015.000000,4,93055.000000,255920.000000,845.435561,216363868.800000,False,False,185,1050,185,650,185,650,225,650
C068,non-critical,P1 light (hull-pruned),85135.000000,85015.000000,0,0.000000,162865.000000,848.815583,138242350.000000,True,True,185,1050,185,650,185,650,225,1050
C068,non-critical,P1 light (hull-pruned),85135.000000,85015.000000,1,23363.000000,186228.000000,835.164261,155530970.000000,True,True,185,1050,185,650,185,650,225,1050
C068,non-critical,P1 light (hull-pruned),85135.000000,85015.000000,2,54869.000000,217734.000000,828.860534,180471119.600000,True,True,185,1050,185,650,185,650,225,1050
C068,non-critical,P1 light (hull-pruned),85135.000000,85015.000000,3,87065.000000,249930.000000,840.111610,209969094.800000,False,False,185,1050,185,650,185,650,225,1050
C068,non-critical,P1 light (hull-pruned),85135.000000,85015.000000,4,93055.000000,255920.000000,845.787234,216453868.800000,False,False,185,1050,185,650,185,650,225,1050
C069,non-critical,P1 light (hull-pruned),85175.000000,85015.000000,0,0.000000,162825.000000,848.766160,138200350.000000,True,True,185,1050,185,650,185,1050,185,650
C069,non-critical,P1 light (hull-pruned),85175.000000,85015.000000,1,23363.000000,186188.000000,835.118106,155488970.000000,True,True,185,1050,185,650,185,1050,185,650
C069,non-critical,P1 light (hull-pruned),85175.000000,85015.000000,2,54869.000000,217694.000000,828.819901,180429119.600000,True,True,185,1050,185,650,185,1050,185,650
C069,non-critical,P1 light (hull-pruned),85175.000000,85015.000000,3,87065.000000,249890.000000,840.078014,209927094.800000,False,False,185,1050,185,650,185,1050,185,650
C069,non-critical,P1 light (hull-pruned),85175.000000,85015.000000,4,93055.000000,255880.000000,845.755310,216411868.800000,False,False,185,1050,185,650,185,1050,185,650
C070,non-critical,P1 light (hull-pruned),85175.000000,85015.000000,0,0.000000,162825.000000,849.220636,138274350.000000,True,True,185,1050,185,650,185,1050,185,1050
C070,non-critical,P1 light (hull-pruned),85175.000000,85015.000000,1,23363.000000,186188.000000,835.515554,155562970.000000,True,True,185,1050,185,650,185,1050,185,1050
C070,non-critical,P1 light (hull-pruned),85175.000000,85015.000000,2,54869.000000,217694.000000,829.159828,180503119.600000,True,True,185,1050,185,650,185,1050,185,1050
C070,non-critical,P1 light (hull-pruned),85175.000000,85015.000000,3,87065.000000,249890.000000,840.374144,210001094.800000,False,False,185,1050,185,650,185,1050,185,1050
C070,non-critical,P1 light (hull-pruned),85175.000000,85015.000000,4,93055.000000,255880.000000,846.044508,216485868.800000,False,False,185,1050,185,650,185,1050,185,1050
C071,non-critical,P1 light (hull-pruned),85135.000000,85015.000000,0,0.000000,162865.000000,848.717343,138226350.000000,True,True,185,1050,185,650,185,1050,225,650
C071,non-critical,P1 light (hull-pruned),85135.000000,85015.000000,1,23363.000000,186228.000000,835.078345,155514970.000000,True,True,185,1050,185,650,185,1050,225,650
C071,non-critical,P1 light (hull-pruned),85135.000000,85015.000000,2,54869.000000,217734.000000,828.787050,180455119.600000,True,True,185,1050,185,650,185,1050,225,650
C071,non-critical,P1 light (hull-pruned),85135.000000,85015.000000,3,87065.000000,249930.000000,840.047593,209953094.800000,False,False,185,1050,185,650,185,1050,225,650
C071,non-critical,P1 light (hull-pruned),85135.000000,85015.000000,4,93055.000000,255920.000000,845.724714,216437868.800000,False,False,185,1050,185,650,185,1050,225,650
C072,non-critical,P1 light (hull-pruned),85135.000000,85015.000000,0,0.000000,162865.000000,849.269948,138316350.000000,True,True,185,1050,185,650,185,1050,225,1050
C072,non-critical,P1 light (hull-pruned),85135.000000,85015.000000,1,23363.000000,186228.000000,835.561623,155604970.000000,True,True,185,1050,185,650,185,1050,225,1050
C072,non-critical,P1 light (hull-pruned),85135.000000,85015.000000,2,54869.000000,217734.000000,829.200399,180545119.600000,True,True,185,1050,185,650,185,1050,225,1050
C072,non-critical,P1 light (hull-pruned),85135.000000,85015.000000,3,87065.000000,249930.000000,840.407693,210043094.800000,False,False,185,1050,185,650,185,1050,225,1050
C072,non-critical,P1 light (hull-pruned),85135.000000,85015.000000,4,93055.000000,255920.000000,846.076386,216527868.800000,False,False,185,1050,185,650,185,1050,225,1050
C073,non-critical,P1 light (hull-pruned),85135.000000,85015.000000,0,0.000000,162865.000000,848.262979,138152350.000000,True,True,185,1050,185,650,225,650,185,650
C073,non-critical,P1 light (hull-pruned),85135.000000,85015.000000,1,23363.000000,186228.000000,834.680982,155440970.000000,True,True,185,1050,185,650,225,650,185,650
C073,non-critical,P1 light (hull-pruned),85135.000000,85015.000000,2,54869.000000,217734.000000,828.447186,180381119.600000,True,True,185,1050,185,650,225,650,185,650
C073,non-critical,P1 light (hull-pruned),85135.000000,85015.000000,3,87065.000000,249930.000000,839.751510,209879094.800000,False,False,185,1050,185,650,225,650,185,650
C073,non-critical,P1 light (hull-pruned),85135.000000,85015.000000,4,93055.000000,255920.000000,845.435561,216363868.800000,False,False,185,1050,185,650,225,650,185,650
C074,non-critical,P1 light (hull-pruned),85135.000000,85015.000000,0,0.000000,162865.000000,848.717343,138226350.000000,True,True,185,1050,185,650,225,650,185,1050
C074,non-critical,P1 light (hull-pruned),85135.000000,85015.000000,1,23363.000000,186228.000000,835.078345,155514970.000000,True,True,185,1050,185,650,225,650,185,1050
C074,non-critical,P1 light (hull-pruned),85135.000000,85015.000000,2,54869.000000,217734.000000,828.787050,180455119.600000,True,True,185,1050,185,650,225,650,185,1050
C074,non-critical,P1 light (hull-pruned),85135.000000,85015.000000,3,87065.000000,249930.000000,840.047593,209953094.800000,False,False,185,1050,185,650,225,650,185,1050
C074,non-critical,P1 light (hull-pruned),85135.000000,85015.000000,4,93055.000000,255920.000000,845.724714,216437868.800000,False,False,185,1050,185,650,225,650,185,1050
C075,non-critical,P1 light (hull-pruned),85095.000000,85015.000000,0,0.000000,162905.000000,848.214297,138178350.000000,True,True,185,1050,185,650,225,650,225,650
C075,non-critical,P1 light (hull-pruned),85095.000000,85015.000000,1,23363.000000,186268.000000,834.641323,155466970.000000,True,True,185,1050,185,650,225,650,225,650
C075,non-critical,P1 light (hull-pruned),85095.000000,85015.000000,2,54869.000000,217774.000000,828.414409,180407119.600000,True,True,185,1050,185,650,225,650,225,650
C075,non-critical,P1 light (hull-pruned),85095.000000,85015.000000,3,87065.000000,249970.000000,839.721146,209905094.800000,False,False,185,1050,185,650,225,650,225,650
C075,non-critical,P1 light (hull-pruned),85095.000000,85015.000000,4,93055.000000,255960.000000,845.405020,216389868.800000,False,False,185,1050,185,650,225,650,225,650
C076,non-critical,P1 light (hull-pruned),85095.000000,85015.000000,0,0.000000,162905.000000,848.766766,138268350.000000,True,True,185,1050,185,650,225,650,225,1050
C076,non-critical,P1 light (hull-pruned),85095.000000,85015.000000,1,23363.000000,186268.000000,835.124498,155556970.000000,True,True,185,1050,185,650,225,650,225,1050
C076,non-critical,P1 light (hull-pruned),85095.000000,85015.000000,2,54869.000000,217774.000000,828.827682,180497119.600000,True,True,185,1050,185,650,225,650,225,1050
C076,non-critical,P1 light (hull-pruned),85095.000000,85015.000000,3,87065.000000,249970.000000,840.081189,209995094.800000,False,False,185,1050,185,650,225,650,225,1050
C076,non-critical,P1 light (hull-pruned),85095.000000,85015.000000,4,93055.000000,255960.000000,845.756637,216479868.800000,False,False,185,1050,185,650,225,650,225,1050
C077,non-critical,P1 light (hull-pruned),85135.000000,85015.000000,0,0.000000,162865.000000,848.815583,138242350.000000,True,True,185,1050,185,650,225,1050,185,650
C077,non-critical,P1 light (hull-pruned),85135.000000,85015.000000,1,23363.000000,186228.000000,835.164261,155530970.000000,True,True,185,1050,185,650,225,1050,185,650
C077,non-critical,P1 light (hull-pruned),85135.000000,85015.000000,2,54869.000000,217734.000000,828.860534,180471119.600000,True,True,185,1050,185,650,225,1050,185,650
C077,non-critical,P1 light (hull-pruned),85135.000000,85015.000000,3,87065.000000,249930.000000,840.111610,209969094.800000,False,False,185,1050,185,650,225,1050,185,650
C077,non-critical,P1 light (hull-pruned),85135.000000,85015.000000,4,93055.000000,255920.000000,845.787234,216453868.800000,False,False,185,1050,185,650,225,1050,185,650
C078,non-critical,P1 light (hull-pruned),85135.000000,85015.000000,0,0.000000,162865.000000,849.269948,138316350.000000,True,True,185,1050,185,650,225,1050,185,1050
C078,non-critical,P1 light (hull-pruned),85135.000000,85015.000000,1,23363.000000,186228.000000,835.561623,155604970.000000,True,True,185,1050,185,650,225,1050,185,1050
C078,non-critical,P1 light (hull-pruned),85135.000000,85015.000000,2,54869.000000,217734.000000,829.200399,180545119.600000,True,True,185,1050,185,650,225,1050,185,1050
C078,non-critical,P1 light (hull-pruned),85135.000000,85015.000000,3,87065.000000,249930.000000,840.407693,210043094.800000,False,False,185,1050,185,650,225,1050,185,1050
C078,non-critical,P1 light (hull-pruned),85135.000000,85015.000000,4,93055.000000,255920.000000,846.076386,216527868.800000,False,False,185,1050,185,650,225,1050,185,1050
C079,non-critical,P1 light (hull-pruned),85095.000000,85015.000000,0,0.000000,162905.000000,848.766766,138268350.000000,True,True,185,1050,185,650,225,1050,225,650
C079,non-critical,P1 light (hull-pruned),85095.000000,85015.000000,1,23363.000000,186268.000000,835.124498,155556970.000000,True,True,185,1050,185,650,225,1050,225,650
C079,non-critical,P1 light (hull-pruned),85095.000000,85015.000000,2,54869.000000,217774.000000,828.827682,180497119.600000,True,True,185,1050,185,650,225,1050,225,650
C079,non-critical,P1 light (hull-pruned),85095.000000,85015.000000,3,87065.000000,249970.000000,840.081189,209995094.800000,False,False,185,1050,185,650,225,1050,225,650
C079,non-critical,P1 light (hull-pruned),85095.000000,85015.000000,4,93055.000000,255960.000000,845.756637,216479868.800000,False,False,185,1050,185,650,225,1050,225,650
C080,non-critical,P1 light (hull-pruned),85095.000000,85015.000000,0,0.000000,162905.000000,849.319235,138358350.000000,True,True,185,1050,185,650,225,1050,225,1050
C080,non-critical,P1 light (hull-pruned),85095.000000,85015.000000,1,23363.000000,186268.000000,835.607673,155646970.000000,True,True,185,1050,185,650,225,1050,225,1050
C080,non-critical,P1 light (hull-pruned),85095.000000,85015.000000,2,54869.000000,217774.000000,829.240954,180587119.600000,True,True,185,1050,185,650,225,1050,225,1050
C080,non-critical,P1 light (hull-pruned),85095.000000,85015.000000,3,87065.000000,249970.000000,840.441232,210085094.800000,False,False,185,1050,185,650,225,1050,225,1050
C080,non-critical,P1 light (hull-pruned),85095.000000,85015.000000,4,93055.000000,255960.000000,846.108254,216569868.800000,False,False,185,1050,185,650,225,1050,225,1050
C081,non-critical,P1 light (hull-pruned),85175.000000,85015.000000,0,0.000000,162825.000000,848.766160,138200350.000000,True,True,185,1050,185,1050,185,650,185,650
C081,non-critical,P1 light (hull-pruned),85175.000000,85015.000000,1,23363.000000,186188.000000,835.118106,155488970.000000,True,True,185,1050,185,1050,185,650,185,650
C081,non-critical,P1 light (hull-pruned),85175.000000,85015.000000,2,54869.000000,217694.000000,828.819901,180429119.600000,True,True,185,1050,185,1050,185,650,185,650
C081,non-critical,P1 light (hull-pruned),85175.000000,85015.000000,3,87065.000000,249890.000000,840.078014,209927094.800000,False,False,185,1050,185,1050,185,650,185,650
C081,non-critical,P1 light (hull-pruned),85175.000000,85015.000000,4,93055.000000,255880.000000,845.755310,216411868.800000,False,False,185,1050,185,1050,185,650,185,650
C082,non-critical,P1 light (hull-pruned),85175.000000,85015.000000,0,0.000000,162825.000000,849.220636,138274350.000000,True,True,185,1050,185,1050,185,650,185,1050
C082,non-critical,P1 light (hull-pruned),85175.000000,85015.000000,1,23363.000000,186188.000000,835.515554,155562970.000000,True,True,185,1050,185,1050,185,650,185,1050
C082,non-critical,P1 light (hull-pruned),85175.000000,85015.000000,2,54869.000000,217694.000000,829.159828,180503119.600000,True,True,185,1050,185,1050,185,650,185,1050
C082,non-critical,P1 light (hull-pruned),85175.000000,85015.000000,3,87065.000000,249890.000000,840.374144,210001094.800000,False,False,185,1050,185,1050,185,650,185,1050
C082,non-critical,P1 light (hull-pruned),85175.000000,85015.000000,4,93055.000000,255880.000000,846.044508,216485868.800000,False,False,185,1050,185,1050,185,650,185,1050
C083,non-critical,P1 light (hull-pruned),85135.000000,85015.000000,0,0.000000,162865.000000,848.717343,138226350.000000,True,True,185,1050,185,1050,185,650,225,650
C083,non-critical,P1 light (hull-pruned),85135.000000,85015.000000,1,23363.000000,186228.000000,835.078345,155514970.000000,True,True,185,1050,185,1050,185,650,225,650
C083,non-critical,P1 light (hull-pruned),85135.000000,85015.000000,2,54869.000000,217734.000000,828.787050,180455119.600000,True,True,185,1050,185,1050,185,650,225,650
C083,non-critical,P1 light (hull-pruned),85135.000000,85015.000000,3,87065.000000,249930.000000,840.047593,209953094.800000,False,False,185,1050,185,1050,185,650,225,650
C083,non-critical,P1 light (hull-pruned),85135.000000,85015.000000,4,93055.000000,255920.000000,845.724714,216437868.800000,False,False,185,1050,185,1050,185,650,225,650
C084,non-critical,P1 light (hull-pruned),85135.000000,85015.000000,0,0.000000,162865.000000,849.269948,138316350.000000,True,True,185,1050,185,1050,185,650,225,1050
C084,non-critical,P1 light (hull-pruned),85135.000000,85015.000000,1,23363.000000,186228.000000,835.561623,155604970.000000,True,True,185,1050,185,1050,185,650,225,1050
C084,non-critical,P1 light (hull-pruned),85135.000000,85015.000000,2,54869.000000,217734.000000,829.200399,180545119.600000,True,True,185,1050,185,1050,185,650,225,1050
C084,non-critical,P1 light (hull-pruned),85135.000000,85015.000000,3,87065.000000,249930.000000,840.407693,210043094.800000,False,False,185,1050,185,1050,185,650,225,1050
C084,non-critical,P1 light (hull-pruned),85135.000000,85015.000000,4,93055.000000,255920.000000,846.076386,216527868.800000,False,False,185,1050,185,1050,185,650,225,1050
C085,non-critical,P1 light (hull-pruned),85175.000000,85015.000000,0,0.000000,162825.000000,849.220636,138274350.000000,True,True,185,1050,185,1050,185,1050,185,650
C085,non-critical,P1 light (hull-pruned),85175.000000,85015.000000,1,23363.000000,186188.000000,835.515554,155562970.000000,True,True,185,1050,185,1050,185,1050,185,650
C085,non-critical,P1 light (hull-pruned),85175.000000,85015.000000,2,54869.000000,217694.000000,829.159828,180503119.600000,True,True,185,1050,185,1050,185,1050,185,650
C085,non-critical,P1 light (hull-pruned),85175.000000,85015.000000,3,87065.000000,249890.000000,840.374144,210001094.800000,False,False,185,1050,185,1050,185,1050,185,650
C085,non-critical,P1 light (hull-pruned),85175.000000,85015.000000,4,93055.000000,255880.000000,846.044508,216485868.800000,False,False,185,1050,185,1050,185,1050,185,650
C086,non-critical,P1 light (hull-pruned),85175.000000,85015.000000,0,0.000000,162825.000000,849.675111,138348350.000000,True,True,185,1050,185,1050,185,1050,185,1050
C086,non-critical,P1 light (hull-pruned),85175.000000,85015.000000,1,23363.000000,186188.000000,835.913002,155636970.000000,True,True,185,1050,185,1050,185,1050,185,1050
C086,non-critical,P1 light (hull-pruned),85175.000000,85015.000000,2,54869.000000,217694.000000,829.499755,180577119.600000,True,True,185,1050,185,1050,185,1050,185,1050
C086,non-critical,P1 light (hull-pruned),85175.000000,85015.000000,3,87065.000000,249890.000000,840.670274,210075094.800000,False,False,185,1050,185,1050,185,1050,185,1050
C086,non-critical,P1 light (hull-pruned),85175.000000,85015.000000,4,93055.000000,255880.000000,846.333706,216559868.800000,False,False,185,1050,185,1050,185,1050,185,1050
C087,non-critical,P1 light (hull-pruned),85135.000000,85015.000000,0,0.000000,162865.000000,849.171707,138300350.000000,True,True,185,1050,185,1050,185,1050,225,650
C087,non-critical,P1 light (hull-pruned),85135.000000,85015.000000,1,23363.000000,186228.000000,835.475707,155588970.000000,True,True,185,1050,185,1050,185,1050,225,650
C087,non-critical,P1 light (hull-pruned),85135.000000,85015.000000,2,54869.000000,217734.000000,829.126914,180529119.600000,True,True,185,1050,185,1050,185,1050,225,650
C087,non-critical,P1 light (hull-pruned),85135.000000,85015.000000,3,87065.000000,249930.000000,840.343675,210027094.800000,False,False,185,1050,185,1050,185,1050,225,650
C087,non-critical,P1 light (hull-pruned),85135.000000,85015.000000,4,93055.000000,255920.000000,846.013867,216511868.800000,False,False,185,1050,185,1050,185,1050,225,650
C088,non-critical,P1 light (hull-pruned),85135.000000,85015.000000,0,0.000000,162865.000000,849.724312,138390350.000000,True,True,185,1050,185,1050,185,1050,225,1050
C088,non-critical,P1 light (hull-pruned),85135.000000,85015.000000,1,23363.000000,186228.000000,835.958986,155678970.000000,True,True,185,1050,185,1050,185,1050,225,1050
C088,non-critical,P1 light (hull-pruned),85135.000000,85015.000000,2,54869.000000,217734.000000,829.540263,180619119.600000,True,True,185,1050,185,1050,185,1050,225,1050
C088,non-critical,P1 light (hull-pruned),85135.000000,85015.000000,3,87065.000000,249930.000000,840.703776,210117094.800000,False,False,185,1050,185,1050,185,1050,225,1050
C088,non-critical,P1 light (hull-pruned),85135.000000,85015.000000,4,93055.000000,255920.000000,846.365539,216601868.800000,False,False,185,1050,185,1050,185,1050,225,1050
C089,non-critical,P1 light (hull-pruned),85135.000000,85015.000000,0,0.000000,162865.000000,848.717343,138226350.000000,True,True,185,1050,185,1050,225,650,185,650
C089,non-critical,P1 light (hull-pruned),85135.000000,85015.000000,1,23363.000000,186228.000000,835.078345,155514970.000000,True,True,185,1050,185,1050,225,650,185,650
C089,non-critical,P1 light (hull-pruned),85135.000000,85015.000000,2,54869.000000,217734.000000,828.787050,180455119.600000,True,True,185,1050,185,1050,225,650,185,650
C089,non-critical,P1 light (hull-pruned),85135.000000,85015.000000,3,87065.000000,249930.000000,840.047593,209953094.800000,False,False,185,1050,185,1050,225,650,185,650
C089,non-critical,P1 light (hull-pruned),85135.000000,85015.000000,4,93055.000000,255920.000000,845.724714,216437868.800000,False,False,185,1050,185,1050,225,650,185,650
C090,non-critical,P1 light (hull-pruned),85135.000000,85015.000000,0,0.000000,162865.000000,849.171707,138300350.000000,True,True,185,1050,185,1050,225,650,185,1050
C090,non-critical,P1 light (hull-pruned),85135.000000,85015.000000,1,23363.000000,186228.000000,835.475707,155588970.000000,True,True,185,1050,185,1050,225,650,185,1050
C090,non-critical,P1 light (hull-pruned),85135.000000,85015.000000,2,54869.000000,217734.000000,829.126914,180529119.600000,True,True,185,1050,185,1050,225,650,185,1050
C090,non-critical,P1 light (hull-pruned),85135.000000,85015.000000,3,87065.000000,249930.000000,840.343675,210027094.800000,False,False,185,1050,185,1050,225,650,185,1050
C090,non-critical,P1 light (hull-pruned),85135.000000,85015.000000,4,93055.000000,255920.000000,846.013867,216511868.800000,False,False,185,1050,185,1050,225,650,185,1050
C091,non-critical,P1 light (hull-pruned),85095.000000,85015.000000,0,0.000000,162905.000000,848.668549,138252350.000000,True,True,185,1050,185,1050,225,650,225,650
C091,non-critical,P1 light (hull-pruned),85095.000000,85015.000000,1,23363.000000,186268.000000,835.038600,155540970.000000,True,True,185,1050,185,1050,225,650,225,650
C091,non-critical,P1 light (hull-pruned),85095.000000,85015.000000,2,54869.000000,217774.000000,828.754211,180481119.600000,True,True,185,1050,185,1050,225,650,225,650
C091,non-critical,P1 light (hull-pruned),85095.000000,85015.000000,3,87065.000000,249970.000000,840.017181,209979094.800000,False,False,185,1050,185,1050,225,650,225,650
C091,non-critical,P1 light (hull-pruned),85095.000000,85015.000000,4,93055.000000,255960.000000,845.694127,216463868.800000,False,False,185,1050,185,1050,225,650,225,650
C092,non-critical,P1 light (hull-pruned),85095.000000,85015.000000,0,0.000000,162905.000000,849.221018,138342350.000000,True,True,185,1050,185,1050,225,650,225,1050
C092,non-critical,P1 light (hull-pruned),85095.000000,85015.000000,1,23363.000000,186268.000000,835.521775,155630970.000000,True,True,185,1050,185,1050,225,650,225,1050
C092,non-critical,P1 light (hull-pruned),85095.000000,85015.000000,2,54869.000000,217774.000000,829.167484,180571119.600000,True,True,185,1050,185,1050,225,650,225,1050
C092,non-critical,P1 light (hull-pruned),85095.000000,85015.000000,3,87065.000000,249970.000000,840.377224,210069094.800000,False,False,185,1050,185,1050,225,650,225,1050
C092,non-critical,P1 light (hull-pruned),85095.000000,85015.000000,4,93055.000000,255960.000000,846.045745,216553868.800000,False,False,185,1050,185,1050,225,650,225,1050
C093,non-critical,P1 light (hull-pruned),85135.000000,85015.000000,0,0.000000,162865.000000,849.269948,138316350.000000,True,True,185,1050,185,1050,225,1050,185,650
C093,non-critical,P1 light (hull-pruned),85135.000000,85015.000000,1,23363.000000,186228.000000,835.561623,155604970.000000,True,True,185,1050,185,1050,225,1050,185,650
C093,non-critical,P1 light (hull-pruned),85135.000000,85015.000000,2,54869.000000,217734.000000,829.200399,180545119.600000,True,True,185,1050,185,1050,225,1050,185,650
C093,non-critical,P1 light (hull-pruned),85135.000000,85015.000000,3,87065.000000,249930.000000,840.407693,210043094.800000,False,False,185,1050,185,1050,225,1050,185,650
C093,non-critical,P1 light (hull-pruned),85135.000000,85015.000000,4,93055.000000,255920.000000,846.076386,216527868.800000,False,False,185,1050,185,1050,225,1050,185,650
C094,non-critical,P1 light (hull-pruned),85135.000000,85015.000000,0,0.000000,162865.000000,849.724312,138390350.000000,True,True,185,1050,185,1050,225,1050,185,1050
C094,non-critical,P1 light (hull-pruned),85135.000000,85015.000000,1,23363.000000,186228.000000,835.958986,155678970.000000,True,True,185,1050,185,1050,225,1050,185,1050
C094,non-critical,P1 light (hull-pruned),85135.000000,85015.000000,2,54869.000000,217734.000000,829.540263,180619119.600000,True,True,185,1050,185,1050,225,1050,185,1050
C094,non-critical,P1 light (hull-pruned),85135.000000,85015.000000,3,87065.000000,249930.000000,840.703776,210117094.800000,False,False,185,1050,185,1050,225,1050,185,1050
C094,non-critical,P1 light (hull-pruned),85135.000000,85015.000000,4,93055.000000,255920.000000,846.365539,216601868.800000,False,False,185,1050,185,1050,225,1050,185,1050
C095,non-critical,P1 light (hull-pruned),85095.000000,85015.000000,0,0.000000,162905.000000,849.221018,138342350.000000,True,True,185,1050,185,1050,225,1050,225,650
C095,non-critical,P1 light (hull-pruned),85095.000000,85015.000000,1,23363.000000,186268.000000,835.521775,155630970.000000,True,True,185,1050,185,1050,225,1050,225,650
C095,non-critical,P1 light (hull-pruned),85095.000000,85015.000000,2,54869.000000,217774.000000,829.167484,180571119.600000,True,True,185,1050,185,1050,225,1050,225,650
C095,non-critical,P1 light (hull-pruned),85095.000000,85015.000000,3,87065.000000,249970.000000,840.377224,210069094.800000,False,False,185,1050,185,1050,225,1050,225,650
C095,non-critical,P1 light (hull-pruned),85095.000000,85015.000000,4,93055.000000,255960.000000,846.045745,216553868.800000,False,False,185,1050,185,1050,225,1050,225,650
C096,non-critical,P1 light (hull-pruned),85095.000000,85015.000000,0,0.000000,162905.000000,849.773488,138432350.000000,True,True,185,1050,185,1050,225,1050,225,1050
C096,non-critical,P1 light (hull-pruned),85095.000000,85015.000000,1,23363.000000,186268.000000,836.004950,155720970.000000,True,True,185,1050,185,1050,225,1050,225,1050
C096,non-critical,P1 light (hull-pruned),85095.000000,85015.000000,2,54869.000000,217774.000000,829.580756,180661119.600000,True,True,185,1050,185,1050,225,1050,225,1050
C096,non-critical,P1 light (hull-pruned),85095.000000,85015.000000,3,87065.000000,249970.000000,840.737268,210159094.800000,False,False,185,1050,185,1050,225,1050,225,1050
C096,non-critical,P1 light (hull-pruned),85095.000000,85015.000000,4,93055.000000,255960.000000,846.397362,216643868.800000,False,False,185,1050,185,1050,225,1050,225,1050
C097,non-critical,P1 light (hull-pruned),85135.000000,85015.000000,0,0.000000,162865.000000,848.262979,138152350.000000,True,True,185,1050,225,650,185,650,185,650
C097,non-critical,P1 light (hull-pruned),85135.000000,85015.000000,1,23363.000000,186228.000000,834.680982,155440970.000000,True,True,185,1050,225,650,185,650,185,650
C097,non-critical,P1 light (hull-pruned),85135.000000,85015.000000,2,54869.000000,217734.000000,828.447186,180381119.600000,True,True,185,1050,225,650,185,650,185,650
C097,non-critical,P1 light (hull-pruned),85135.000000,85015.000000,3,87065.000000,249930.000000,839.751510,209879094.800000,False,False,185,1050,225,650,185,650,185,650
C097,non-critical,P1 light (hull-pruned),85135.000000,85015.000000,4,93055.000000,255920.000000,845.435561,216363868.800000,False,False,185,1050,225,650,185,650,185,650
C098,non-critical,P1 light (hull-pruned),85135.000000,85015.000000,0,0.000000,162865.000000,848.717343,138226350.000000,True,True,185,1050,225,650,185,650,185,1050
C098,non-critical,P1 light (hull-pruned),85135.000000,85015.000000,1,23363.000000,186228.000000,835.078345,155514970.000000,True,True,185,1050,225,650,185,650,185,1050
C098,non-critical,P1 light (hull-pruned),85135.000000,85015.000000,2,54869.000000,217734.000000,828.787050,180455119.600000,True,True,185,1050,225,650,185,650,185,1050
C098,non-critical,P1 light (hull-pruned),85135.000000,85015.000000,3,87065.000000,249930.000000,840.047593,209953094.800000,False,False,185,1050,225,650,185,650,185,1050
C098,non-critical,P1 light (hull-pruned),85135.000000,85015.000000,4,93055.000000,255920.000000,845.724714,216437868.800000,False,False,185,1050,225,650,185,650,185,1050
C099,non-critical,P1 light (hull-pruned),85095.000000,85015.000000,0,0.000000,162905.000000,848.214297,138178350.000000,True,True,185,1050,225,650,185,650,225,650
C099,non-critical,P1 light (hull-pruned),85095.000000,85015.000000,1,23363.000000,186268.000000,834.641323,155466970.000000,True,True,185,1050,225,650,185,650,225,650
C099,non-critical,P1 light (hull-pruned),85095.000000,85015.000000,2,54869.000000,217774.000000,828.414409,180407119.600000,True,True,185,1050,225,650,185,650,225,650
C099,non-critical,P1 light (hull-pruned),85095.000000,85015.000000,3,87065.000000,249970.000000,839.721146,209905094.800000,False,False,185,1050,225,650,185,650,225,650
C099,non-critical,P1 light (hull-pruned),85095.000000,85015.000000,4,93055.000000,255960.000000,845.405020,216389868.800000,False,False,185,1050,225,650,185,650,225,650
C100,non-critical,P1 light (hull-pruned),85095.000000,85015.000000,0,0.000000,162905.000000,848.766766,138268350.000000,True,True,185,1050,225,650,185,650,225,1050
C100,non-critical,P1 light (hull-pruned),85095.000000,85015.000000,1,23363.000000,186268.000000,835.124498,155556970.000000,True,True,185,1050,225,650,185,650,225,1050
C100,non-critical,P1 light (hull-pruned),85095.000000,85015.000000,2,54869.000000,217774.000000,828.827682,180497119.600000,True,True,185,1050,225,650,185,650,225,1050
C100,non-critical,P1 light (hull-pruned),85095.000000,85015.000000,3,87065.000000,249970.000000,840.081189,209995094.800000,False,False,185,1050,225,650,185,650,225,1050
C100,non-critical,P1 light (hull-pruned),85095.000000,85015.000000,4,93055.000000,255960.000000,845.756637,216479868.800000,False,False,185,1050,225,650,185,650,225,1050
C101,non-critical,P1 light (hull-pruned),85135.000000,85015.000000,0,0.000000,162865.000000,848.717343,138226350.000000,True,True,185,1050,225,650,185,1050,185,650
C101,non-critical,P1 light (hull-pruned),85135.000000,85015.000000,1,23363.000000,186228.000000,835.078345,155514970.000000,True,True,185,1050,225,650,185,1050,185,650
C101,non-critical,P1 light (hull-pruned),85135.000000,85015.000000,2,54869.000000,217734.000000,828.787050,180455119.600000,True,True,185,1050,225,650,185,1050,185,650
C101,non-critical,P1 light (hull-pruned),85135.000000,85015.000000,3,87065.000000,249930.000000,840.047593,209953094.800000,False,False,185,1050,225,650,185,1050,185,650
C101,non-critical,P1 light (hull-pruned),85135.000000,85015.000000,4,93055.000000,255920.000000,845.724714,216437868.800000,False,False,185,1050,225,650,185,1050,185,650
C102,non-critical,P1 light (hull-pruned),85135.000000,85015.000000,0,0.000000,162865.000000,849.171707,138300350.000000,True,True,185,1050,225,650,185,1050,185,1050
C102,non-critical,P1 light (hull-pruned),85135.000000,85015.000000,1,23363.000000,186228.000000,835.475707,155588970.000000,True,True,185,1050,225,650,185,1050,185,1050
C102,non-critical,P1 light (hull-pruned),85135.000000,85015.000000,2,54869.000000,217734.000000,829.126914,180529119.600000,True,True,185,1050,225,650,185,1050,185,1050
C102,non-critical,P1 light (hull-pruned),85135.000000,85015.000000,3,87065.000000,249930.000000,840.343675,210027094.800000,False,False,185,1050,225,650,185,1050,185,1050
C102,non-critical,P1 light (hull-pruned),85135.000000,85015.000000,4,93055.000000,255920.000000,846.013867,216511868.800000,False,False,185,1050,225,650,185,1050,185,1050
C103,non-critical,P1 light (hull-pruned),85095.000000,85015.000000,0,0.000000,162905.000000,848.668549,138252350.000000,True,True,185,1050,225,650,185,1050,225,650
C103,non-critical,P1 light (hull-pruned),85095.000000,85015.000000,1,23363.000000,186268.000000,835.038600,155540970.000000,True,True,185,1050,225,650,185,1050,225,650
C103,non-critical,P1 light (hull-pruned),85095.000000,85015.000000,2,54869.000000,217774.000000,828.754211,180481119.600000,True,True,185,1050,225,650,185,1050,225,650
C103,non-critical,P1 light (hull-pruned),85095.000000,85015.000000,3,87065.000000,249970.000000,840.017181,209979094.800000,False,False,185,1050,225,650,185,1050,225,650
C103,non-critical,P1 light (hull-pruned),85095.000000,85015.000000,4,93055.000000,255960.000000,845.694127,216463868.800000,False,False,185,1050,225,650,185,1050,225,650
C104,non-critical,P1 light (hull-pruned),85095.000000,85015.000000,0,0.000000,162905.000000,849.221018,138342350.000000,True,True,185,1050,225,650,185,1050,225,1050
C104,non-critical,P1 light (hull-pruned),85095.000000,85015.000000,1,23363.000000,186268.000000,835.521775,155630970.000000,True,True,185,1050,225,650,185,1050,225,1050
C104,non-critical,P1 light (hull-pruned),85095.000000,85015.000000,2,54869.000000,217774.000000,829.167484,180571119.600000,True,True,185,1050,225,650,185,1050,225,1050
C104,non-critical,P1 light (hull-pruned),85095.000000,85015.000000,3,87065.000000,249970.000000,840.377224,210069094.800000,False,False,185,1050,225,650,185,1050,225,1050
C104,non-critical,P1 light (hull-pruned),85095.000000,85015.000000,4,93055.000000,255960.000000,846.045745,216553868.800000,False,False,185,1050,225,650,185,1050,225,1050
C105,non-critical,P1 light (hull-pruned),85095.000000,85015.000000,0,0.000000,162905.000000,848.214297,138178350.000000,True,True,185,1050,225,650,225,650,185,650
C105,non-critical,P1 light (hull-pruned),85095.000000,85015.000000,1,23363.000000,186268.000000,834.641323,155466970.000000,True,True,185,1050,225,650,225,650,185,650
C105,non-critical,P1 light (hull-pruned),85095.000000,85015.000000,2,54869.000000,217774.000000,828.414409,180407119.600000,True,True,185,1050,225,650,225,650,185,650
C105,non-critical,P1 light (hull-pruned),85095.000000,85015.000000,3,87065.000000,249970.000000,839.721146,209905094.800000,False,False,185,1050,225,650,225,650,185,650
C105,non-critical,P1 light (hull-pruned),85095.000000,85015.000000,4,93055.000000,255960.000000,845.405020,216389868.800000,False,False,185,1050,225,650,225,650,185,650
C106,non-critical,P1 light (hull-pruned),85095.000000,85015.000000,0,0.000000,162905.000000,848.668549,138252350.000000,True,True,185,1050,225,650,225,650,185,1050
C106,non-critical,P1 light (hull-pruned),85095.000000,85015.000000,1,23363.000000,186268.000000,835.038600,155540970.000000,True,True,185,1050,225,650,225,650,185,1050
C106,non-critical,P1 light (hull-pruned),85095.000000,85015.000000,2,54869.000000,217774.000000,828.754211,180481119.600000,True,True,185,1050,225,650,225,650,185,1050
C106,non-critical,P1 light (hull-pruned),85095.000000,85015.000000,3,87065.000000,249970.000000,840.017181,209979094.800000,False,False,185,1050,225,650,225,650,185,1050
C106,non-critical,P1 light (hull-pruned),85095.000000,85015.000000,4,93055.000000,255960.000000,845.694127,216463868.800000,False,False,185,1050,225,650,225,650,185,1050
C107,non-critical,P1 light (hull-pruned),85055.000000,85015.000000,0,0.000000,162945.000000,848.165639,138204350.000000,True,True,185,1050,225,650,225,650,225,650
C107,non-critical,P1 light (hull-pruned),85055.000000,85015.000000,1,23363.000000,186308.000000,834.601681,155492970.000000,True,True,185,1050,225,650,225,650,225,650
C107,non-critical,P1 light (hull-pruned),85055.000000,85015.000000,2,54869.000000,217814.000000,828.381645,180433119.600000,True,True,185,1050,225,650,225,650,225,650
C107,non-critical,P1 light (hull-pruned),85055.000000,85015.000000,3,87065.000000,250010.000000,839.690792,209931094.800000,False,False,185,1050,225,650,225,650,225,650
C107,non-critical,P1 light (hull-pruned),85055.000000,85015.000000,4,93055.000000,256000.000000,845.374488,216415868.800000,False,False,185,1050,225,650,225,650,225,650
C108,non-critical,P1 light (hull-pruned),85055.000000,85015.000000,0,0.000000,162945.000000,848.717972,138294350.000000,True,True,185,1050,225,650,225,650,225,1050
C108,non-critical,P1 light (hull-pruned),85055.000000,85015.000000,1,23363.000000,186308.000000,835.084752,155582970.000000,True,True,185,1050,225,650,225,650,225,1050
C108,non-critical,P1 light (hull-pruned),85055.000000,85015.000000,2,54869.000000,217814.000000,828.794841,180523119.600000,True,True,185,1050,225,650,225,650,225,1050
C108,non-critical,P1 light (hull-pruned),85055.000000,85015.000000,3,87065.000000,250010.000000,840.050777,210021094.800000,False,False,185,1050,225,650,225,650,225,1050
C108,non-critical,P1 light (hull-pruned),85055.000000,85015.000000,4,93055.000000,256000.000000,845.726050,216505868.800000,False,False,185,1050,225,650,225,650,225,1050
C109,non-critical,P1 light (hull-pruned),85095.000000,85015.000000,0,0.000000,162905.000000,848.766766,138268350.000000,True,True,185,1050,225,650,225,1050,185,650
C109,non-critical,P1 light (hull-pruned),85095.000000,85015.000000,1,23363.000000,186268.000000,835.124498,155556970.000000,True,True,185,1050,225,650,225,1050,185,650
C109,non-critical,P1 light (hull-pruned),85095.000000,85015.000000,2,54869.000000,217774.000000,828.827682,180497119.600000,True,True,185,1050,225,650,225,1050,185,650
C109,non-critical,P1 light (hull-pruned),85095.000000,85015.000000,3,87065.000000,249970.000000,840.081189,209995094.800000,False,False,185,1050,225,650,225,1050,185,650
C109,non-critical,P1 light (hull-pruned),85095.000000,85015.000000,4,93055.000000,255960.000000,845.756637,216479868.800000,False,False,185,1050,225,650,225,1050,185,650
C110,non-critical,P1 light (hull-pruned),85095.000000,85015.000000,0,0.000000,162905.000000,849.221018,138342350.000000,True,True,185,1050,225,650,225,1050,185,1050
C110,non-critical,P1 light (hull-pruned),85095.000000,85015.000000,1,23363.000000,186268.000000,835.521775,155630970.000000,True,True,185,1050,225,650,225,1050,185,1050
C110,non-critical,P1 light (hull-pruned),85095.000000,85015.000000,2,54869.000000,217774.000000,829.167484,180571119.600000,True,True,185,1050,225,650,225,1050,185,1050
C110,non-critical,P1 light (hull-pruned),85095.000000,85015.000000,3,87065.000000,249970.000000,840.377224,210069094.800000,False,False,185,1050,225,650,225,1050,185,1050
C110,non-critical,P1 light (hull-pruned),85095.000000,85015.000000,4,93055.000000,255960.000000,846.045745,216553868.800000,False,False,185,1050,225,650,225,1050,185,1050
C111,non-critical,P1 light (hull-pruned),85055.000000,85015.000000,0,0.000000,162945.000000,848.717972,138294350.000000,True,True,185,1050,225,650,225,1050,225,650
C111,non-critical,P1 light (hull-pruned),85055.000000,85015.000000,1,23363.000000,186308.000000,835.084752,155582970.000000,True,True,185,1050,225,650,225,1050,225,650
C111,non-critical,P1 light (hull-pruned),85055.000000,85015.000000,2,54869.000000,217814.000000,828.794841,180523119.600000,True,True,185,1050,225,650,225,1050,225,650
C111,non-critical,P1 light (hull-pruned),85055.000000,85015.000000,3,87065.000000,250010.000000,840.050777,210021094.800000,False,False,185,1050,225,650,225,1050,225,650
C111,non-critical,P1 light (hull-pruned),85055.000000,85015.000000,4,93055.000000,256000.000000,845.726050,216505868.800000,False,False,185,1050,225,650,225,1050,225,650
C112,non-critical,P1 light (hull-pruned),85055.000000,85015.000000,0,0.000000,162945.000000,849.270306,138384350.000000,True,True,185,1050,225,650,225,1050,225,1050
C112,non-critical,P1 light (hull-pruned),85055.000000,85015.000000,1,23363.000000,186308.000000,835.567823,155672970.000000,True,True,185,1050,225,650,225,1050,225,1050
C112,non-critical,P1 light (hull-pruned),85055.000000,85015.000000,2,54869.000000,217814.000000,829.208038,180613119.600000,True,True,185,1050,225,650,225,1050,225,1050
C112,non-critical,P1 light (hull-pruned),85055.000000,85015.000000,3,87065.000000,250010.000000,840.410763,210111094.800000,False,False,185,1050,225,650,225,1050,225,1050
C112,non-critical,P1 light (hull-pruned),85055.000000,85015.000000,4,93055.000000,256000.000000,846.077613,216595868.800000,False,False,185,1050,225,650,225,1050,225,1050
C113,non-critical,P1 light (hull-pruned),85135.000000,85015.000000,0,0.000000,162865.000000,848.815583,138242350.000000,True,True,185,1050,225,1050,185,650,185,650
C113,non-critical,P1 light (hull-pruned),85135.000000,85015.000000,1,23363.000000,186228.000000,835.164261,155530970.000000,True,True,185,1050,225,1050,185,650,185,650
C113,non-critical,P1 light (hull-pruned),85135.000000,85015.000000,2,54869.000000,217734.000000,828.860534,180471119.600000,True,True,185,1050,225,1050,185,650,185,650
C113,non-critical,P1 light (hull-pruned),85135.000000,85015.000000,3,87065.000000,249930.000000,840.111610,209969094.800000,False,False,185,1050,225,1050,185,650,185,650
C113,non-critical,P1 light (hull-pruned),85135.000000,85015.000000,4,93055.000000,255920.000000,845.787234,216453868.800000,False,False,185,1050,225,1050,185,650,185,650
C114,non-critical,P1 light (hull-pruned),85135.000000,85015.000000,0,0.000000,162865.000000,849.269948,138316350.000000,True,True,185,1050,225,1050,185,650,185,1050
C114,non-critical,P1 light (hull-pruned),85135.000000,85015.000000,1,23363.000000,186228.000000,835.561623,155604970.000000,True,True,185,1050,225,1050,185,650,185,1050
C114,non-critical,P1 light (hull-pruned),85135.000000,85015.000000,2,54869.000000,217734.000000,829.200399,180545119.600000,True,True,185,1050,225,1050,185,650,185,1050
C114,non-critical,P1 light (hull-pruned),85135.000000,85015.000000,3,87065.000000,249930.000000,840.407693,210043094.800000,False,False,185,1050,225,1050,185,650,185,1050
C114,non-critical,P1 light (hull-pruned),85135.000000,85015.000000,4,93055.000000,255920.000000,846.076386,216527868.800000,False,False,185,1050,225,1050,185,650,185,1050
C115,non-critical,P1 light (hull-pruned),85095.000000,85015.000000,0,0.000000,162905.000000,848.766766,138268350.000000,True,True,185,1050,225,1050,185,650,225,650
C115,non-critical,P1 light (hull-pruned),85095.000000,85015.000000,1,23363.000000,186268.000000,835.124498,155556970.000000,True,True,185,1050,225,1050,185,650,225,650
C115,non-critical,P1 light (hull-pruned),85095.000000,85015.000000,2,54869.000000,217774.000000,828.827682,180497119.600000,True,True,185,1050,225,1050,185,650,225,650
C115,non-critical,P1 light (hull-pruned),85095.000000,85015.000000,3,87065.000000,249970.000000,840.081189,209995094.800000,False,False,185,1050,225,1050,185,650,225,650
C115,non-critical,P1 light (hull-pruned),85095.000000,85015.000000,4,93055.000000,255960.000000,845.756637,216479868.800000,False,False,185,1050,225,1050,185,650,225,650
C116,non-critical,P1 light (hull-pruned),85095.000000,85015.000000,0,0.000000,162905.000000,849.319235,138358350.000000,True,True,185,1050,225,1050,185,650,225,1050
C116,non-critical,P1 light (hull-pruned),85095.000000,85015.000000,1,23363.000000,186268.000000,835.607673,155646970.000000,True,True,185,1050,225,1050,185,650,225,1050
C116,non-critical,P1 light (hull-pruned),85095.000000,85015.000000,2,54869.000000,217774.000000,829.240954,180587119.600000,True,True,185,1050,225,1050,185,650,225,1050
C116,non-critical,P1 light (hull-pruned),85095.000000,85015.000000,3,87065.000000,249970.000000,840.441232,210085094.800000,False,False,185,1050,225,1050,185,650,225,1050
C116,non-critical,P1 light (hull-pruned),85095.000000,85015.000000,4,93055.000000,255960.000000,846.108254,216569868.800000,False,False,185,1050,225,1050,185,650,225,1050
C117,non-critical,P1 light (hull-pruned),85135.000000,85015.000000,0,0.000000,162865.000000,849.269948,138316350.000000,True,True,185,1050,225,1050,185,1050,185,650
C117,non-critical,P1 light (hull-pruned),85135.000000,85015.000000,1,23363.000000,186228.000000,835.561623,155604970.000000,True,True,185,1050,225,1050,185,1050,185,650
C117,non-critical,P1 light (hull-pruned),85135.000000,85015.000000,2,54869.000000,217734.000000,829.200399,180545119.600000,True,True,185,1050,225,1050,185,1050,185,650
C117,non-critical,P1 light (hull-pruned),85135.000000,85015.000000,3,87065.000000,249930.000000,840.407693,210043094.800000,False,False,185,1050,225,1050,185,1050,185,650
C117,non-critical,P1 light (hull-pruned),85135.000000,85015.000000,4,93055.000000,255920.000000,846.076386,216527868.800000,False,False,185,1050,225,1050,185,1050,185,650
C118,non-critical,P1 light (hull-pruned),85135.000000,85015.000000,0,0.000000,162865.000000,849.724312,138390350.000000,True,True,185,1050,225,1050,185,1050,185,1050
C118,non-critical,P1 light (hull-pruned),85135.000000,85015.000000,1,23363.000000,186228.000000,835.958986,155678970.000000,True,True,185,1050,225,1050,185,1050,185,1050
C118,non-critical,P1 light (hull-pruned),85135.000000,85015.000000,2,54869.000000,217734.000000,829.540263,180619119.600000,True,True,185,1050,225,1050,185,1050,185,1050
C118,non-critical,P1 light (hull-pruned),85135.000000,85015.000000,3,87065.000000,249930.000000,840.703776,210117094.800000,False,False,185,1050,225,1050,185,1050,185,1050
C118,non-critical,P1 light (hull-pruned),85135.000000,85015.000000,4,93055.000000,255920.000000,846.365539,216601868.800000,False,False,185,1050,225,1050,185,1050,185,1050
C119,non-critical,P1 light (hull-pruned),85095.000000,85015.000000,0,0.000000,162905.000000,849.221018,138342350.000000,True,True,185,1050,225,1050,185,1050,225,650
C119,non-critical,P1 light (hull-pruned),85095.000000,85015.000000,1,23363.000000,186268.000000,835.521775,155630970.000000,True,True,185,1050,225,1050,185,1050,225,650
C119,non-critical,P1 light (hull-pruned),85095.000000,85015.000000,2,54869.000000,217774.000000,829.167484,180571119.600000,True,True,185,1050,225,1050,185,1050,225,650
C119,non-critical,P1 light (hull-pruned),85095.000000,85015.000000,3,87065.000000,249970.000000,840.377224,210069094.800000,False,False,185,1050,225,1050,185,1050,225,650
C119,non-critical,P1 light (hull-pruned),85095.000000,85015.000000,4,93055.000000,255960.000000,846.045745,216553868.800000,False,False,185,1050,225,1050,185,1050,225,650
C120,non-critical,P1 light (hull-pruned),85095.000000,85015.000000,0,0.000000,162905.000000,849.773488,138432350.000000,True,True,185,1050,225,1050,185,1050,225,1050
C120,non-critical,P1 light (hull-pruned),85095.000000,85015.000000,1,23363.000000,186268.000000,836.004950,155720970.000000,True,True,185,1050,225,1050,185,1050,225,1050
C120,non-critical,P1 light (hull-pruned),85095.000000,85015.000000,2,54869.000000,217774.000000,829.580756,180661119.600000,True,True,185,1050,225,1050,185,1050,225,1050
C120,non-critical,P1 light (hull-pruned),85095.000000,85015.000000,3,87065.000000,249970.000000,840.737268,210159094.800000,False,False,185,1050,225,1050,185,1050,225,1050
C120,non-critical,P1 light (hull-pruned),85095.000000,85015.000000,4,93055.000000,255960.000000,846.397362,216643868.800000,False,False,185,1050,225,1050,185,1050,225,1050
C121,non-critical,P1 light (hull-pruned),85095.000000,85015.000000,0,0.000000,162905.000000,848.766766,138268350.000000,True,True,185,1050,225,1050,225,650,185,650
C121,non-critical,P1 light (hull-pruned),85095.000000,85015.000000,1,23363.000000,186268.000000,835.124498,155556970.000000,True,True,185,1050,225,1050,225,650,185,650
C121,non-critical,P1 light (hull-pruned),85095.000000,85015.000000,2,54869.000000,217774.000000,828.827682,180497119.600000,True,True,185,1050,225,1050,225,650,185,650
C121,non-critical,P1 light (hull-pruned),85095.000000,85015.000000,3,87065.000000,249970.000000,840.081189,209995094.800000,False,False,185,1050,225,1050,225,650,185,650
C121,non-critical,P1 light (hull-pruned),85095.000000,85015.000000,4,93055.000000,255960.000000,845.756637,216479868.800000,False,False,185,1050,225,1050,225,650,185,650
C122,non-critical,P1 light (hull-pruned),85095.000000,85015.000000,0,0.000000,162905.000000,849.221018,138342350.000000,True,True,185,1050,225,1050,225,650,185,1050
C122,non-critical,P1 light (hull-pruned),85095.000000,85015.000000,1,23363.000000,186268.000000,835.521775,155630970.000000,True,True,185,1050,225,1050,225,650,185,1050
C122,non-critical,P1 light (hull-pruned),85095.000000,85015.000000,2,54869.000000,217774.000000,829.167484,180571119.600000,True,True,185,1050,225,1050,225,650,185,1050
C122,non-critical,P1 light (hull-pruned),85095.000000,85015.000000,3,87065.000000,249970.000000,840.377224,210069094.800000,False,False,185,1050,225,1050,225,650,185,1050
C122,non-critical,P1 light (hull-pruned),85095.000000,85015.000000,4,93055.000000,255960.000000,846.045745,216553868.800000,False,False,185,1050,225,1050,225,650,185,1050
C123,non-critical,P1 light (hull-pruned),85055.000000,85015.000000,0,0.000000,162945.000000,848.717972,138294350.000000,True,True,185,1050,225,1050,225,650,225,650
C123,non-critical,P1 light (hull-pruned),85055.000000,85015.000000,1,23363.000000,186308.000000,835.084752,155582970.000000,True,True,185,1050,225,1050,225,650,225,650
C123,non-critical,P1 light (hull-pruned),85055.000000,85015.000000,2,54869.000000,217814.000000,828.794841,180523119.600000,True,True,185,1050,225,1050,225,650,225,650
C123,non-critical,P1 light (hull-pruned),85055.000000,85015.000000,3,87065.000000,250010.000000,840.050777,210021094.800000,False,False,185,1050,225,1050,225,650,225,650
C123,non-critical,P1 light (hull-pruned),85055.000000,85015.000000,4,93055.000000,256000.000000,845.726050,216505868.800000,False,False,185,1050,225,1050,225,650,225,650
C124,non-critical,P1 light (hull-pruned),85055.000000,85015.000000,0,0.000000,162945.000000,849.270306,138384350.000000,True,True,185,1050,225,1050,225,650,225,1050
C124,non-critical,P1 light (hull-pruned),85055.000000,85015.000000,1,23363.000000,186308.000000,835.567823,155672970.000000,True,True,185,1050,225,1050,225,650,225,1050
C124,non-critical,P1 light (hull-pruned),85055.000000,85015.000000,2,54869.000000,217814.000000,829.208038,180613119.600000,True,True,185,1050,225,1050,225,650,225,1050
C124,non-critical,P1 light (hull-pruned),85055.000000,85015.000000,3,87065.000000,250010.000000,840.410763,210111094.800000,False,False,185,1050,225,1050,225,650,225,1050
C124,non-critical,P1 light (hull-pruned),85055.000000,85015.000000,4,93055.000000,256000.000000,846.077613,216595868.800000,False,False,185,1050,225,1050,225,650,225,1050
C125,non-critical,P1 light (hull-pruned),85095.000000,85015.000000,0,0.000000,162905.000000,849.319235,138358350.000000,True,True,185,1050,225,1050,225,1050,185,650
C125,non-critical,P1 light (hull-pruned),85095.000000,85015.000000,1,23363.000000,186268.000000,835.607673,155646970.000000,True,True,185,1050,225,1050,225,1050,185,650
C125,non-critical,P1 light (hull-pruned),85095.000000,85015.000000,2,54869.000000,217774.000000,829.240954,180587119.600000,True,True,185,1050,225,1050,225,1050,185,650
C125,non-critical,P1 light (hull-pruned),85095.000000,85015.000000,3,87065.000000,249970.000000,840.441232,210085094.800000,False,False,185,1050,225,1050,225,1050,185,650
C125,non-critical,P1 light (hull-pruned),85095.000000,85015.000000,4,93055.000000,255960.000000,846.108254,216569868.800000,False,False,185,1050,225,1050,225,1050,185,650
C126,non-critical,P1 light (hull-pruned),85095.000000,85015.000000,0,0.000000,162905.000000,849.773488,138432350.000000,True,True,185,1050,225,1050,225,1050,185,1050
C126,non-critical,P1 light (hull-pruned),85095.000000,85015.000000,1,23363.000000,186268.000000,836.004950,155720970.000000,True,True,185,1050,225,1050,225,1050,185,1050
C126,non-critical,P1 light (hull-pruned),85095.000000,85015.000000,2,54869.000000,217774.000000,829.580756,180661119.600000,True,True,185,1050,225,1050,225,1050,185,1050
C126,non-critical,P1 light (hull-pruned),85095.000000,85015.000000,3,87065.000000,249970.000000,840.737268,210159094.800000,False,False,185,1050,225,1050,225,1050,185,1050
C126,non-critical,P1 light (hull-pruned),85095.000000,85015.000000,4,93055.000000,255960.000000,846.397362,216643868.800000,False,False,185,1050,225,1050,225,1050,185,1050
C127,non-critical,P1 light (hull-pruned),85055.000000,85015.000000,0,0.000000,162945.000000,849.270306,138384350.000000,True,True,185,1050,225,1050,225,1050,225,650
C127,non-critical,P1 light (hull-pruned),85055.000000,85015.000000,1,23363.000000,186308.000000,835.567823,155672970.000000,True,True,185,1050,225,1050,225,1050,225,650
C127,non-critical,P1 light (hull-pruned),85055.000000,85015.000000,2,54869.000000,217814.000000,829.208038,180613119.600000,True,True,185,1050,225,1050,225,1050,225,650
C127,non-critical,P1 light (hull-pruned),85055.000000,85015.000000,3,87065.000000,250010.000000,840.410763,210111094.800000,False,False,185,1050,225,1050,225,1050,225,650
C127,non-critical,P1 light (hull-pruned),85055.000000,85015.000000,4,93055.000000,256000.000000,846.077613,216595868.800000,False,False,185,1050,225,1050,225,1050,225,650
C128,non-critical,P1 light (hull-pruned),85055.000000,85015.000000,0,0.000000,162945.000000,849.822640,138474350.000000,True,True,185,1050,225,1050,225,1050,225,1050
C128,non-critical,P1 light (hull-pruned),85055.000000,85015.000000,1,23363.000000,186308.000000,836.050894,155762970.000000,True,True,185,1050,225,1050,225,1050,225,1050
C128,non-critical,P1 light (hull-pruned),85055.000000,85015.000000,2,54869.000000,217814.000000,829.621235,180703119.600000,True,True,185,1050,225,1050,225,1050,225,1050
C128,non-critical,P1 light (hull-pruned),85055.000000,85015.000000,3,87065.000000,250010.000000,840.770748,210201094.800000,False,False,185,1050,225,1050,225,1050,225,1050
C128,non-critical,P1 light (hull-pruned),85055.000000,85015.000000,4,93055.000000,256000.000000,846.429175,216685868.800000,False,False,185,1050,225,1050,225,1050,225,1050
C129,non-critical,P2 light (hull-pruned),85135.000000,85015.000000,0,0.000000,162865.000000,847.808614,138078350.000000,True,True,225,650,185,650,185,650,185,650
C129,non-critical,P2 light (hull-pruned),85135.000000,85015.000000,1,23363.000000,186228.000000,834.283620,155366970.000000,True,True,225,650,185,650,185,650,185,650
C129,non-critical,P2 light (hull-pruned),85135.000000,85015.000000,2,54869.000000,217734.000000,828.107322,180307119.600000,True,True,225,650,185,650,185,650,185,650
C129,non-critical,P2 light (hull-pruned),85135.000000,85015.000000,3,87065.000000,249930.000000,839.455427,209805094.800000,False,False,225,650,185,650,185,650,185,650
C129,non-critical,P2 light (hull-pruned),85135.000000,85015.000000,4,93055.000000,255920.000000,845.146408,216289868.800000,False,False,225,650,185,650,185,650,185,650
C130,non-critical,P2 light (hull-pruned),85135.000000,85015.000000,0,0.000000,162865.000000,848.262979,138152350.000000,True,True,225,650,185,650,185,650,185,1050
C130,non-critical,P2 light (hull-pruned),85135.000000,85015.000000,1,23363.000000,186228.000000,834.680982,155440970.000000,True,True,225,650,185,650,185,650,185,1050
C130,non-critical,P2 light (hull-pruned),85135.000000,85015.000000,2,54869.000000,217734.000000,828.447186,180381119.600000,True,True,225,650,185,650,185,650,185,1050
C130,non-critical,P2 light (hull-pruned),85135.000000,85015.000000,3,87065.000000,249930.000000,839.751510,209879094.800000,False,False,225,650,185,650,185,650,185,1050
C130,non-critical,P2 light (hull-pruned),85135.000000,85015.000000,4,93055.000000,255920.000000,845.435561,216363868.800000,False,False,225,650,185,650,185,650,185,1050
C131,non-critical,P2 light (hull-pruned),85095.000000,85015.000000,0,0.000000,162905.000000,847.760044,138104350.000000,True,True,225,650,185,650,185,650,225,650
C131,non-critical,P2 light (hull-pruned),85095.000000,85015.000000,1,23363.000000,186268.000000,834.244046,155392970.000000,True,True,225,650,185,650,185,650,225,650
C131,non-critical,P2 light (hull-pruned),85095.000000,85015.000000,2,54869.000000,217774.000000,828.074608,180333119.600000,True,True,225,650,185,650,185,650,225,650
C131,non-critical,P2 light (hull-pruned),85095.000000,85015.000000,3,87065.000000,249970.000000,839.425110,209831094.800000,False,False,225,650,185,650,185,650,225,650
C131,non-critical,P2 light (hull-pruned),85095.000000,85015.000000,4,93055.000000,255960.000000,845.115912,216315868.800000,False,False,225,650,185,650,185,650,225,650
C132,non-critical,P2 light (hull-pruned),85095.000000,85015.000000,0,0.000000,162905.000000,848.312513,138194350.000000,True,True,225,650,185,650,185,650,225,1050
C132,non-critical,P2 light (hull-pruned),85095.000000,85015.000000,1,23363.000000,186268.000000,834.727221,155482970.000000,True,True,225,650,185,650,185,650,225,1050
C132,non-critical,P2 light (hull-pruned),85095.000000,85015.000000,2,54869.000000,217774.000000,828.487880,180423119.600000,True,True,225,650,185,650,185,650,225,1050
C132,non-critical,P2 light (hull-pruned),85095.000000,85015.000000,3,87065.000000,249970.000000,839.785153,209921094.800000,False,False,225,650,185,650,185,650,225,1050
C132,non-critical,P2 light (hull-pruned),85095.000000,85015.000000,4,93055.000000,255960.000000,845.467529,216405868.800000,False,False,225,650,185,650,185,650,225,1050
C133,non-critical,P2 light (hull-pruned),85135.000000,85015.000000,0,0.000000,162865.000000,848.262979,138152350.000000,True,True,225,650,185,650,185,1050,185,650
C133,non-critical,P2 light (hull-pruned),85135.000000,85015.000000,1,23363.000000,186228.000000,834.680982,155440970.000000,True,True,225,650,185,650,185,1050,185,650
C133,non-critical,P2 light (hull-pruned),85135.000000,85015.000000,2,54869.000000,217734.000000,828.447186,180381119.600000,True,True,225,650,185,650,185,1050,185,650
C133,non-critical,P2 light (hull-pruned),85135.000000,85015.000000,3,87065.000000,249930.000000,839.751510,209879094.800000,False,False,225,650,185,650,185,1050,185,650
C133,non-critical,P2 light (hull-pruned),85135.000000,85015.000000,4,93055.000000,255920.000000,845.435561,216363868.800000,False,False,225,650,185,650,185,1050,185,650
C134,non-critical,P2 light (hull-pruned),85135.000000,85015.000000,0,0.000000,162865.000000,848.717343,138226350.000000,True,True,225,650,185,650,185,1050,185,1050
C134,non-critical,P2 light (hull-pruned),85135.000000,85015.000000,1,23363.000000,186228.000000,835.078345,155514970.000000,True,True,225,650,185,650,185,1050,185,1050
C134,non-critical,P2 light (hull-pruned),85135.000000,85015.000000,2,54869.000000,217734.000000,828.787050,180455119.600000,True,True,225,650,185,650,185,1050,185,1050
C134,non-critical,P2 light (hull-pruned),85135.000000,85015.000000,3,87065.000000,249930.000000,840.047593,209953094.800000,False,False,225,650,185,650,185,1050,185,1050
C134,non-critical,P2 light (hull-pruned),85135.000000,85015.000000,4,93055.000000,255920.000000,845.724714,216437868.800000,False,False,225,650,185,650,185,1050,185,1050
C135,non-critical,P2 light (hull-pruned),85095.000000,85015.000000,0,0.000000,162905.000000,848.214297,138178350.000000,True,True,225,650,185,650,185,1050,225,650
C135,non-critical,P2 light (hull-pruned),85095.000000,85015.000000,1,23363.000000,186268.000000,834.641323,155466970.000000,True,True,225,650,185,650,185,1050,225,650
C135,non-critical,P2 light (hull-pruned),85095.000000,85015.000000,2,54869.000000,217774.000000,828.414409,180407119.600000,True,True,225,650,185,650,185,1050,225,650
C135,non-critical,P2 light (hull-pruned),85095.000000,85015.000000,3,87065.000000,249970.000000,839.721146,209905094.800000,False,False,225,650,185,650,185,1050,225,650
C135,non-critical,P2 light (hull-pruned),85095.000000,85015.000000,4,93055.000000,255960.000000,845.405020,216389868.800000,False,False,225,650,185,650,185,1050,225,650
C136,non-critical,P2 light (hull-pruned),85095.000000,85015.000000,0,0.000000,162905.000000,848.766766,138268350.000000,True,True,225,650,185,650,185,1050,225,1050
C136,non-critical,P2 light (hull-pruned),85095.000000,85015.000000,1,23363.000000,186268.000000,835.124498,155556970.000000,True,True,225,650,185,650,185,1050,225,1050
C136,non-critical,P2 light (hull-pruned),85095.000000,85015.000000,2,54869.000000,217774.000000,828.827682,180497119.600000,True,True,225,650,185,650,185,1050,225,1050
C136,non-critical,P2 light (hull-pruned),85095.000000,85015.000000,3,87065.000000,249970.000000,840.081189,209995094.800000,False,False,225,650,185,650,185,1050,225,1050
C136,non-critical,P2 light (hull-pruned),85095.000000,85015.000000,4,93055.000000,255960.000000,845.756637,216479868.800000,False,False,225,650,185,650,185,1050,225,1050
C137,non-critical,P2 light (hull-pruned),85095.000000,85015.000000,0,0.000000,162905.000000,847.760044,138104350.000000,True,True,225,650,185,650,225,650,185,650
C137,non-critical,P2 light (hull-pruned),85095.000000,85015.000000,1,23363.000000,186268.000000,834.244046,155392970.000000,True,True,225,650,185,650,225,650,185,650
C137,non-critical,P2 light (hull-pruned),85095.000000,85015.000000,2,54869.000000,217774.000000,828.074608,180333119.600000,True,True,225,650,185,650,225,650,185,650
C137,non-critical,P2 light (hull-pruned),85095.000000,85015.000000,3,87065.000000,249970.000000,839.425110,209831094.800000,False,False,225,650,185,650,225,650,185,650
C137,non-critical,P2 light (hull-pruned),85095.000000,85015.000000,4,93055.000000,255960.000000,845.115912,216315868.800000,False,False,225,650,185,650,225,650,185,650
C138,non-critical,P2 light (hull-pruned),85095.000000,85015.000000,0,0.000000,162905.000000,848.214297,138178350.000000,True,True,225,650,185,650,225,650,185,1050
C138,non-critical,P2 light (hull-pruned),85095.000000,85015.000000,1,23363.000000,186268.000000,834.641323,155466970.000000,True,True,225,650,185,650,225,650,185,1050
C138,non-critical,P2 light (hull-pruned),85095.000000,85015.000000,2,54869.000000,217774.000000,828.414409,180407119.600000,True,True,225,650,185,650,225,650,185,1050
C138,non-critical,P2 light (hull-pruned),85095.000000,85015.000000,3,87065.000000,249970.000000,839.721146,209905094.800000,False,False,225,650,185,650,225,650,185,1050
C138,non-critical,P2 light (hull-pruned),85095.000000,85015.000000,4,93055.000000,255960.000000,845.405020,216389868.800000,False,False,225,650,185,650,225,650,185,1050
C139,non-critical,P2 light (hull-pruned),85055.000000,85015.000000,0,0.000000,162945.000000,847.711498,138130350.000000,True,True,225,650,185,650,225,650,225,650
C139,non-critical,P2 light (hull-pruned),85055.000000,85015.000000,1,23363.000000,186308.000000,834.204489,155418970.000000,True,True,225,650,185,650,225,650,225,650
C139,non-critical,P2 light (hull-pruned),85055.000000,85015.000000,2,54869.000000,217814.000000,828.041905,180359119.600000,True,True,225,650,185,650,225,650,225,650
C139,non-critical,P2 light (hull-pruned),85055.000000,85015.000000,3,87065.000000,250010.000000,839.394803,209857094.800000,False,False,225,650,185,650,225,650,225,650
C139,non-critical,P2 light (hull-pruned),85055.000000,85015.000000,4,93055.000000,256000.000000,845.085425,216341868.800000,False,False,225,650,185,650,225,650,225,650
C140,non-critical,P2 light (hull-pruned),85055.000000,85015.000000,0,0.000000,162945.000000,848.263831,138220350.000000,True,True,225,650,185,650,225,650,225,1050
C140,non-critical,P2 light (hull-pruned),85055.000000,85015.000000,1,23363.000000,186308.000000,834.687560,155508970.000000,True,True,225,650,185,650,225,650,225,1050
C140,non-critical,P2 light (hull-pruned),85055.000000,85015.000000,2,54869.000000,217814.000000,828.455102,180449119.600000,True,True,225,650,185,650,225,650,225,1050
C140,non-critical,P2 light (hull-pruned),85055.000000,85015.000000,3,87065.000000,250010.000000,839.754789,209947094.800000,False,False,225,650,185,650,225,650,225,1050
C140,non-critical,P2 light (hull-pruned),85055.000000,85015.000000,4,93055.000000,256000.000000,845.436988,216431868.800000,False,False,225,650,185,650,225,650,225,1050
C141,non-critical,P2 light (hull-pruned),85095.000000,85015.000000,0,0.000000,162905.000000,848.312513,138194350.000000,True,True,225,650,185,650,225,1050,185,650
C141,non-critical,P2 light (hull-pruned),85095.000000,85015.000000,1,23363.000000,186268.000000,834.727221,155482970.000000,True,True,225,650,185,650,225,1050,185,650
C141,non-critical,P2 light (hull-pruned),85095.000000,85015.000000,2,54869.000000,217774.000000,828.487880,180423119.600000,True,True,225,650,185,650,225,1050,185,650
C141,non-critical,P2 light (hull-pruned),85095.000000,85015.000000,3,87065.000000,249970.000000,839.785153,209921094.800000,False,False,225,650,185,650,225,1050,185,650
C141,non-critical,P2 light (hull-pruned),85095.000000,85015.000000,4,93055.000000,255960.000000,845.467529,216405868.800000,False,False,225,650,185,650,225,1050,185,650
C142,non-critical,P2 light (hull-pruned),85095.000000,85015.000000,0,0.000000,162905.000000,848.766766,138268350.000000,True,True,225,650,185,650,225,1050,185,1050
C142,non-critical,P2 light (hull-pruned),85095.000000,85015.000000,1,23363.000000,186268.000000,835.124498,155556970.000000,True,True,225,650,185,650,225,1050,185,1050
C142,non-critical,P2 light (hull-pruned),85095.000000,85015.000000,2,54869.000000,217774.000000,828.827682,180497119.600000,True,True,225,650,185,650,225,1050,185,1050
C142,non-critical,P2 light (hull-pruned),85095.000000,85015.000000,3,87065.000000,249970.000000,840.081189,209995094.800000,False,False,225,650,185,650,225,1050,185,1050
C142,non-critical,P2 light (hull-pruned),85095.000000,85015.000000,4,93055.000000,255960.000000,845.756637,216479868.800000,False,False,225,650,185,650,225,1050,185,1050
C143,non-critical,P2 light (hull-pruned),85055.000000,85015.000000,0,0.000000,162945.000000,848.263831,138220350.000000,True,True,225,650,185,650,225,1050,225,650
C143,non-critical,P2 light (hull-pruned),85055.000000,85015.000000,1,23363.000000,186308.000000,834.687560,155508970.000000,True,True,225,650,185,650,225,1050,225,650
C143,non-critical,P2 light (hull-pruned),85055.000000,85015.000000,2,54869.000000,217814.000000,828.455102,180449119.600000,True,True,225,650,185,650,225,1050,225,650
C143,non-critical,P2 light (hull-pruned),85055.000000,85015.000000,3,87065.000000,250010.000000,839.754789,209947094.800000,False,False,225,650,185,650,225,1050,225,650
C143,non-critical,P2 light (hull-pruned),85055.000000,85015.000000,4,93055.000000,256000.000000,845.436988,216431868.800000,False,False,225,650,185,650,225,1050,225,650
C144,non-critical,P2 light (hull-pruned),85055.000000,85015.000000,0,0.000000,162945.000000,848.816165,138310350.000000,True,True,225,650,185,650,225,1050,225,1050
C144,non-critical,P2 light (hull-pruned),85055.000000,85015.000000,1,23363.000000,186308.000000,835.170631,155598970.000000,True,True,225,650,185,650,225,1050,225,1050
C144,non-critical,P2 light (hull-pruned),85055.000000,85015.000000,2,54869.000000,217814.000000,828.868299,180539119.600000,True,True,225,650,185,650,225,1050,225,1050
C144,non-critical,P2 light (hull-pruned),85055.000000,85015.000000,3,87065.000000,250010.000000,840.114775,210037094.800000,False,False,225,650,185,650,225,1050,225,1050
C144,non-critical,P2 light (hull-pruned),85055.000000,85015.000000,4,93055.000000,256000.000000,845.788550,216521868.800000,False,False,225,650,185,650,225,1050,225,1050
C145,non-critical,P2 light (hull-pruned),85135.000000,85015.000000,0,0.000000,162865.000000,848.262979,138152350.000000,True,True,225,650,185,1050,185,650,185,650
C145,non-critical,P2 light (hull-pruned),85135.000000,85015.000000,1,23363.000000,186228.000000,834.680982,155440970.000000,True,True,225,650,185,1050,185,650,185,650
C145,non-critical,P2 light (hull-pruned),85135.000000,85015.000000,2,54869.000000,217734.000000,828.447186,180381119.600000,True,True,225,650,185,1050,185,650,185,650
C145,non-critical,P2 light (hull-pruned),85135.000000,85015.000000,3,87065.000000,249930.000000,839.751510,209879094.800000,False,False,225,650,185,1050,185,650,185,650
C145,non-critical,P2 light (hull-pruned),85135.000000,85015.000000,4,93055.000000,255920.000000,845.435561,216363868.800000,False,False,225,650,185,1050,185,650,185,650
C146,non-critical,P2 light (hull-pruned),85135.000000,85015.000000,0,0.000000,162865.000000,848.717343,138226350.000000,True,True,225,650,185,1050,185,650,185,1050
C146,non-critical,P2 light (hull-pruned),85135.000000,85015.000000,1,23363.000000,186228.000000,835.078345,155514970.000000,True,True,225,650,185,1050,185,650,185,1050
C146,non-critical,P2 light (hull-pruned),85135.000000,85015.000000,2,54869.000000,217734.000000,828.787050,180455119.600000,True,True,225,650,185,1050,185,650,185,1050
C146,non-critical,P2 light (hull-pruned),85135.000000,85015.000000,3,87065.000000,249930.000000,840.047593,209953094.800000,False,False,225,650,185,1050,185,650,185,1050
C146,non-critical,P2 light (hull-pruned),85135.000000,85015.000000,4,93055.000000,255920.000000,845.724714,216437868.800000,False,False,225,650,185,1050,185,650,185,1050
C147,non-critical,P2 light (hull-pruned),85095.000000,85015.000000,0,0.000000,162905.000000,848.214297,138178350.000000,True,True,225,650,185,1050,185,650,225,650
C147,non-critical,P2 light (hull-pruned),85095.000000,85015.000000,1,23363.000000,186268.000000,834.641323,155466970.000000,True,True,225,650,185,1050,185,650,225,650
C147,non-critical,P2 light (hull-pruned),85095.000000,85015.000000,2,54869.000000,217774.000000,828.414409,180407119.600000,True,True,225,650,185,1050,185,650,225,650
C147,non-critical,P2 light (hull-pruned),85095.000000,85015.000000,3,87065.000000,249970.000000,839.721146,209905094.800000,False,False,225,650,185,1050,185,650,225,650
C147,non-critical,P2 light (hull-pruned),85095.000000,85015.000000,4,93055.000000,255960.000000,845.405020,216389868.800000,False,False,225,650,185,1050,185,650,225,650
C148,non-critical,P2 light (hull-pruned),85095.000000,85015.000000,0,0.000000,162905.000000,848.766766,138268350.000000,True,True,225,650,185,1050,185,650,225,1050
C148,non-critical,P2 light (hull-pruned),85095.000000,85015.000000,1,23363.000000,186268.000000,835.124498,155556970.000000,True,True,225,650,185,1050,185,650,225,1050
C148,non-critical,P2 light (hull-pruned),85095.000000,85015.000000,2,54869.000000,217774.000000,828.827682,180497119.600000,True,True,225,650,185,1050,185,650,225,1050
C148,non-critical,P2 light (hull-pruned),85095.000000,85015.000000,3,87065.000000,249970.000000,840.081189,209995094.800000,False,False,225,650,185,1050,185,650,225,1050
C148,non-critical,P2 light (hull-pruned),85095.000000,85015.000000,4,93055.000000,255960.000000,845.756637,216479868.800000,False,False,225,650,185,1050,185,650,225,1050
C149,non-critical,P2 light (hull-pruned),85135.000000,85015.000000,0,0.000000,162865.000000,848.717343,138226350.000000,True,True,225,650,185,1050,185,1050,185,650
C149,non-critical,P2 light (hull-pruned),85135.000000,85015.000000,1,23363.000000,186228.000000,835.078345,155514970.000000,True,True,225,650,185,1050,185,1050,185,650
C149,non-critical,P2 light (hull-pruned),85135.000000,85015.000000,2,54869.000000,217734.000000,828.787050,180455119.600000,True,True,225,650,185,1050,185,1050,185,650
C149,non-critical,P2 light (hull-pruned),85135.000000,85015.000000,3,87065.000000,249930.000000,840.047593,209953094.800000,False,False,225,650,185,1050,185,1050,185,650
C149,non-critical,P2 light (hull-pruned),85135.000000,85015.000000,4,93055.000000,255920.000000,845.724714,216437868.800000,False,False,225,650,185,1050,185,1050,185,650
C150,non-critical,P2 light (hull-pruned),85135.000000,85015.000000,0,0.000000,162865.000000,849.171707,138300350.000000,True,True,225,650,185,1050,185,1050,185,1050
C150,non-critical,P2 light (hull-pruned),85135.000000,85015.000000,1,23363.000000,186228.000000,835.475707,155588970.000000,True,True,225,650,185,1050,185,1050,185,1050
C150,non-critical,P2 light (hull-pruned),85135.000000,85015.000000,2,54869.000000,217734.000000,829.126914,180529119.600000,True,True,225,650,185,1050,185,1050,185,1050
C150,non-critical,P2 light (hull-pruned),85135.000000,85015.000000,3,87065.000000,249930.000000,840.343675,210027094.800000,False,False,225,650,185,1050,185,1050,185,1050
C150,non-critical,P2 light (hull-pruned),85135.000000,85015.000000,4,93055.000000,255920.000000,846.013867,216511868.800000,False,False,225,650,185,1050,185,1050,185,1050
C151,non-critical,P2 light (hull-pruned),85095.000000,85015.000000,0,0.000000,162905.000000,848.668549,138252350.000000,True,True,225,650,185,1050,185,1050,225,650
C151,non-critical,P2 light (hull-pruned),85095.000000,85015.000000,1,23363.000000,186268.000000,835.038600,155540970.000000,True,True,225,650,185,1050,185,1050,225,650
C151,non-critical,P2 light (hull-pruned),85095.000000,85015.000000,2,54869.000000,217774.000000,828.754211,180481119.600000,True,True,225,650,185,1050,185,1050,225,650
C151,non-critical,P2 light (hull-pruned),85095.000000,85015.000000,3,87065.000000,249970.000000,840.017181,209979094.800000,False,False,225,650,185,1050,185,1050,225,650
C151,non-critical,P2 light (hull-pruned),85095.000000,85015.000000,4,93055.000000,255960.000000,845.694127,216463868.800000,False,False,225,650,185,1050,185,1050,225,650
C152,non-critical,P2 light (hull-pruned),85095.000000,85015.000000,0,0.000000,162905.000000,849.221018,138342350.000000,True,True,225,650,185,1050,185,1050,225,1050
C152,non-critical,P2 light (hull-pruned),85095.000000,85015.000000,1,23363.000000,186268.000000,835.521775,155630970.000000,True,True,225,650,185,1050,185,1050,225,1050
C152,non-critical,P2 light (hull-pruned),85095.000000,85015.000000,2,54869.000000,217774.000000,829.167484,180571119.600000,True,True,225,650,185,1050,185,1050,225,1050
C152,non-critical,P2 light (hull-pruned),85095.000000,85015.000000,3,87065.000000,249970.000000,840.377224,210069094.800000,False,False,225,650,185,1050,185,1050,225,1050
C152,non-critical,P2 light (hull-pruned),85095.000000,85015.000000,4,93055.000000,255960.000000,846.045745,216553868.800000,False,False,225,650,185,1050,185,1050,225,1050
C153,non-critical,P2 light (hull-pruned),85095.000000,85015.000000,0,0.000000,162905.000000,848.214297,138178350.000000,True,True,225,650,185,1050,225,650,185,650
C153,non-critical,P2 light (hull-pruned),85095.000000,85015.000000,1,23363.000000,186268.000000,834.641323,155466970.000000,True,True,225,650,185,1050,225,650,185,650
C153,non-critical,P2 light (hull-pruned),85095.000000,85015.000000,2,54869.000000,217774.000000,828.414409,180407119.600000,True,True,225,650,185,1050,225,650,185,650
C153,non-critical,P2 light (hull-pruned),85095.000000,85015.000000,3,87065.000000,249970.000000,839.721146,209905094.800000,False,False,225,650,185,1050,225,650,185,650
C153,non-critical,P2 light (hull-pruned),85095.000000,85015.000000,4,93055.000000,255960.000000,845.405020,216389868.800000,False,False,225,650,185,1050,225,650,185,650
C154,non-critical,P2 light (hull-pruned),85095.000000,85015.000000,0,0.000000,162905.000000,848.668549,138252350.000000,True,True,225,650,185,1050,225,650,185,1050
C154,non-critical,P2 light (hull-pruned),85095.000000,85015.000000,1,23363.000000,186268.000000,835.038600,155540970.000000,True,True,225,650,185,1050,225,650,185,1050
C154,non-critical,P2 light (hull-pruned),85095.000000,85015.000000,2,54869.000000,217774.000000,828.754211,180481119.600000,True,True,225,650,185,1050,225,650,185,1050
C154,non-critical,P2 light (hull-pruned),85095.000000,85015.000000,3,87065.000000,249970.000000,840.017181,209979094.800000,False,False,225,650,185,1050,225,650,185,1050
C154,non-critical,P2 light (hull-pruned),85095.000000,85015.000000,4,93055.000000,255960.000000,845.694127,216463868.800000,False,False,225,650,185,1050,225,650,185,1050
C155,non-critical,P2 light (hull-pruned),85055.000000,85015.000000,0,0.000000,162945.000000,848.165639,138204350.000000,True,True,225,650,185,1050,225,650,225,650
C155,non-critical,P2 light (hull-pruned),85055.000000,85015.000000,1,23363.000000,186308.000000,834.601681,155492970.000000,True,True,225,650,185,1050,225,650,225,650
C155,non-critical,P2 light (hull-pruned),85055.000000,85015.000000,2,54869.000000,217814.000000,828.381645,180433119.600000,True,True,225,650,185,1050,225,650,225,650
C155,non-critical,P2 light (hull-pruned),85055.000000,85015.000000,3,87065.000000,250010.000000,839.690792,209931094.800000,False,False,225,650,185,1050,225,650,225,650
C155,non-critical,P2 light (hull-pruned),85055.000000,85015.000000,4,93055.000000,256000.000000,845.374488,216415868.800000,False,False,225,650,185,1050,225,650,225,650
C156,non-critical,P2 light (hull-pruned),85055.000000,85015.000000,0,0.000000,162945.000000,848.717972,138294350.000000,True,True,225,650,185,1050,225,650,225,1050
C156,non-critical,P2 light (hull-pruned),85055.000000,85015.000000,1,23363.000000,186308.000000,835.084752,155582970.000000,True,True,225,650,185,1050,225,650,225,1050
C156,non-critical,P2 light (hull-pruned),85055.000000,85015.000000,2,54869.000000,217814.000000,828.794841,180523119.600000,True,True,225,650,185,1050,225,650,225,1050
C156,non-critical,P2 light (hull-pruned),85055.000000,85015.000000,3,87065.000000,250010.000000,840.050777,210021094.800000,False,False,225,650,185,1050,225,650,225,1050
C156,non-critical,P2 light (hull-pruned),85055.000000,85015.000000,4,93055.000000,256000.000000,845.726050,216505868.800000,False,False,225,650,185,1050,225,650,225,1050
C157,non-critical,P2 light (hull-pruned),85095.000000,85015.000000,0,0.000000,162905.000000,848.766766,138268350.000000,True,True,225,650,185,1050,225,1050,185,650
C157,non-critical,P2 light (hull-pruned),85095.000000,85015.000000,1,23363.000000,186268.000000,835.124498,155556970.000000,True,True,225,650,185,1050,225,1050,185,650
C157,non-critical,P2 light (hull-pruned),85095.000000,85015.000000,2,54869.000000,217774.000000,828.827682,180497119.600000,True,True,225,650,185,1050,225,1050,185,650
C157,non-critical,P2 light (hull-pruned),85095.000000,85015.000000,3,87065.000000,249970.000000,840.081189,209995094.800000,False,False,225,650,185,1050,225,1050,185,650
C157,non-critical,P2 light (hull-pruned),85095.000000,85015.000000,4,93055.000000,255960.000000,845.756637,216479868.800000,False,False,225,650,185,1050,225,1050,185,650
C158,non-critical,P2 light (hull-pruned),85095.000000,85015.000000,0,0.000000,162905.000000,849.221018,138342350.000000,True,True,225,650,185,1050,225,1050,185,1050
C158,non-critical,P2 light (hull-pruned),85095.000000,85015.000000,1,23363.000000,186268.000000,835.521775,155630970.000000,True,True,225,650,185,1050,225,1050,185,1050
C158,non-critical,P2 light (hull-pruned),85095.000000,85015.000000,2,54869.000000,217774.000000,829.167484,180571119.600000,True,True,225,650,185,1050,225,1050,185,1050
C158,non-critical,P2 light (hull-pruned),85095.000000,85015.000000,3,87065.000000,249970.000000,840.377224,210069094.800000,False,False,225,650,185,1050,225,1050,185,1050
C158,non-critical,P2 light (hull-pruned),85095.000000,85015.000000,4,93055.000000,255960.000000,846.045745,216553868.800000,False,False,225,650,185,1050,225,1050,185,1050
C159,non-critical,P2 light (hull-pruned),85055.000000,85015.000000,0,0.000000,162945.000000,848.717972,138294350.000000,True,True,225,650,185,1050,225,1050,225,650
C159,non-critical,P2 light (hull-pruned),85055.000000,85015.000000,1,23363.000000,186308.000000,835.084752,155582970.000000,True,True,225,650,185,1050,225,1050,225,650
C159,non-critical,P2 light (hull-pruned),85055.000000,85015.000000,2,54869.000000,217814.000000,828.794841,180523119.600000,True,True,225,650,185,1050,225,1050,225,650
C159,non-critical,P2 light (hull-pruned),85055.000000,85015.000000,3,87065.000000,250010.000000,840.050777,210021094.800000,False,False,225,650,185,1050,225,1050,225,650
C159,non-critical,P2 light (hull-pruned),85055.000000,85015.000000,4,93055.000000,256000.000000,845.726050,216505868.800000,False,False,225,650,185,1050,225,1050,225,650
C160,non-critical,P2 light (hull-pruned),85055.000000,85015.000000,0,0.000000,162945.000000,849.270306,138384350.000000,True,True,225,650,185,1050,225,1050,225,1050
C160,non-critical,P2 light (hull-pruned),85055.000000,85015.000000,1,23363.000000,186308.000000,835.567823,155672970.000000,True,True,225,650,185,1050,225,1050,225,1050
C160,non-critical,P2 light (hull-pruned),85055.000000,85015.000000,2,54869.000000,217814.000000,829.208038,180613119.600000,True,True,225,650,185,1050,225,1050,225,1050
C160,non-critical,P2 light (hull-pruned),85055.000000,85015.000000,3,87065.000000,250010.000000,840.410763,210111094.800000,False,False,225,650,185,1050,225,1050,225,1050
C160,non-critical,P2 light (hull-pruned),85055.000000,85015.000000,4,93055.000000,256000.000000,846.077613,216595868.800000,False,False,225,650,185,1050,225,1050,225,1050
C161,non-critical,P3 light (hull-pruned),85095.000000,85015.000000,0,0.000000,162905.000000,847.760044,138104350.000000,True,True,225,650,225,650,185,650,185,650
C161,non-critical,P3 light (hull-pruned),85095.000000,85015.000000,1,23363.000000,186268.000000,834.244046,155392970.000000,True,True,225,650,225,650,185,650,185,650
C161,non-critical,P3 light (hull-pruned),85095.000000,85015.000000,2,54869.000000,217774.000000,828.074608,180333119.600000,True,True,225,650,225,650,185,650,185,650
C161,non-critical,P3 light (hull-pruned),85095.000000,85015.000000,3,87065.000000,249970.000000,839.425110,209831094.800000,False,False,225,650,225,650,185,650,185,650
C161,non-critical,P3 light (hull-pruned),85095.000000,85015.000000,4,93055.000000,255960.000000,845.115912,216315868.800000,False,False,225,650,225,650,185,650,185,650
C162,non-critical,P3 light (hull-pruned),85095.000000,85015.000000,0,0.000000,162905.000000,848.214297,138178350.000000,True,True,225,650,225,650,185,650,185,1050
C162,non-critical,P3 light (hull-pruned),85095.000000,85015.000000,1,23363.000000,186268.000000,834.641323,155466970.000000,True,True,225,650,225,650,185,650,185,1050
C162,non-critical,P3 light (hull-pruned),85095.000000,85015.000000,2,54869.000000,217774.000000,828.414409,180407119.600000,True,True,225,650,225,650,185,650,185,1050
C162,non-critical,P3 light (hull-pruned),85095.000000,85015.000000,3,87065.000000,249970.000000,839.721146,209905094.800000,False,False,225,650,225,650,185,650,185,1050
C162,non-critical,P3 light (hull-pruned),85095.000000,85015.000000,4,93055.000000,255960.000000,845.405020,216389868.800000,False,False,225,650,225,650,185,650,185,1050
C163,non-critical,P3 light (hull-pruned),85055.000000,85015.000000,0,0.000000,162945.000000,847.711498,138130350.000000,True,True,225,650,225,650,185,650,225,650
C163,non-critical,P3 light (hull-pruned),85055.000000,85015.000000,1,23363.000000,186308.000000,834.204489,155418970.000000,True,True,225,650,225,650,185,650,225,650
C163,non-critical,P3 light (hull-pruned),85055.000000,85015.000000,2,54869.000000,217814.000000,828.041905,180359119.600000,True,True,225,650,225,650,185,650,225,650
C163,non-critical,P3 light (hull-pruned),85055.000000,85015.000000,3,87065.000000,250010.000000,839.394803,209857094.800000,False,False,225,650,225,650,185,650,225,650
C163,non-critical,P3 light (hull-pruned),85055.000000,85015.000000,4,93055.000000,256000.000000,845.085425,216341868.800000,False,False,225,650,225,650,185,650,225,650
C164,non-critical,P3 light (hull-pruned),85055.000000,85015.000000,0,0.000000,162945.000000,848.263831,138220350.000000,True,True,225,650,225,650,185,650,225,1050
C164,non-critical,P3 light (hull-pruned),85055.000000,85015.000000,1,23363.000000,186308.000000,834.687560,155508970.000000,True,True,225,650,225,650,185,650,225,1050
C164,non-critical,P3 light (hull-pruned),85055.000000,85015.000000,2,54869.000000,217814.000000,828.455102,180449119.600000,True,True,225,650,225,650,185,650,225,1050
C164,non-critical,P3 light (hull-pruned),85055.000000,85015.000000,3,87065.000000,250010.000000,839.754789,209947094.800000,False,False,225,650,225,650,185,650,225,1050
C164,non-critical,P3 light (hull-pruned),85055.000000,85015.000000,4,93055.000000,256000.000000,845.436988,216431868.800000,False,False,225,650,225,650,185,650,225,1050
C165,non-critical,P3 light (hull-pruned),85095.000000,85015.000000,0,0.000000,162905.000000,848.214297,138178350.000000,True,True,225,650,225,650,185,1050,185,650
C165,non-critical,P3 light (hull-pruned),85095.000000,85015.000000,1,23363.000000,186268.000000,834.641323,155466970.000000,True,True,225,650,225,650,185,1050,185,650
C165,non-critical,P3 light (hull-pruned),85095.000000,85015.000000,2,54869.000000,217774.000000,828.414409,180407119.600000,True,True,225,650,225,650,185,1050,185,650
C165,non-critical,P3 light (hull-pruned),85095.000000,85015.000000,3,87065.000000,249970.000000,839.721146,209905094.800000,False,False,225,650,225,650,185,1050,185,650
C165,non-critical,P3 light (hull-pruned),85095.000000,85015.000000,4,93055.000000,255960.000000,845.405020,216389868.800000,False,False,225,650,225,650,185,1050,185,650
C166,non-critical,P3 light (hull-pruned),85095.000000,85015.000000,0,0.000000,162905.000000,848.668549,138252350.000000,True,True,225,650,225,650,185,1050,185,1050
C166,non-critical,P3 light (hull-pruned),85095.000000,85015.000000,1,23363.000000,186268.000000,835.038600,155540970.000000,True,True,225,650,225,650,185,1050,185,1050
C166,non-critical,P3 light (hull-pruned),85095.000000,85015.000000,2,54869.000000,217774.000000,828.754211,180481119.600000,True,True,225,650,225,650,185,1050,185,1050
C166,non-critical,P3 light (hull-pruned),85095.000000,85015.000000,3,87065.000000,249970.000000,840.017181,209979094.800000,False,False,225,650,225,650,185,1050,185,1050
C166,non-critical,P3 light (hull-pruned),85095.000000,85015.000000,4,93055.000000,255960.000000,845.694127,216463868.800000,False,False,225,650,225,650,185,1050,185,1050
C167,non-critical,P3 light (hull-pruned),85055.000000,85015.000000,0,0.000000,162945.000000,848.165639,138204350.000000,True,True,225,650,225,650,185,1050,225,650
C167,non-critical,P3 light (hull-pruned),85055.000000,85015.000000,1,23363.000000,186308.000000,834.601681,155492970.000000,True,True,225,650,225,650,185,1050,225,650
C167,non-critical,P3 light (hull-pruned),85055.000000,85015.000000,2,54869.000000,217814.000000,828.381645,180433119.600000,True,True,225,650,225,650,185,1050,225,650
C167,non-critical,P3 light (hull-pruned),85055.000000,85015.000000,3,87065.000000,250010.000000,839.690792,209931094.800000,False,False,225,650,225,650,185,1050,225,650
C167,non-critical,P3 light (hull-pruned),85055.000000,85015.000000,4,93055.000000,256000.000000,845.374488,216415868.800000,False,False,225,650,225,650,185,1050,225,650
C168,non-critical,P3 light (hull-pruned),85055.000000,85015.000000,0,0.000000,162945.000000,848.717972,138294350.000000,True,True,225,650,225,650,185,1050,225,1050
C168,non-critical,P3 light (hull-pruned),85055.000000,85015.000000,1,23363.000000,186308.000000,835.084752,155582970.000000,True,True,225,650,225,650,185,1050,225,1050
C168,non-critical,P3 light (hull-pruned),85055.000000,85015.000000,2,54869.000000,217814.000000,828.794841,180523119.600000,True,True,225,650,225,650,185,1050,225,1050
C168,non-critical,P3 light (hull-pruned),85055.000000,85015.000000,3,87065.000000,250010.000000,840.050777,210021094.800000,False,False,225,650,225,650,185,1050,225,1050
C168,non-critical,P3 light (hull-pruned),85055.000000,85015.000000,4,93055.000000,256000.000000,845.726050,216505868.800000,False,False,225,650,225,650,185,1050,225,1050
C169,non-critical,P4 light (hull-pruned),85055.000000,85015.000000,0,0.000000,162945.000000,847.711498,138130350.000000,True,True,225,650,225,650,225,650,185,650
C169,non-critical,P4 light (hull-pruned),85055.000000,85015.000000,1,23363.000000,186308.000000,834.204489,155418970.000000,True,True,225,650,225,650,225,650,185,650
C169,non-critical,P4 light (hull-pruned),85055.000000,85015.000000,2,54869.000000,217814.000000,828.041905,180359119.600000,True,True,225,650,225,650,225,650,185,650
C169,non-critical,P4 light (hull-pruned),85055.000000,85015.000000,3,87065.000000,250010.000000,839.394803,209857094.800000,False,False,225,650,225,650,225,650,185,650
C169,non-critical,P4 light (hull-pruned),85055.000000,85015.000000,4,93055.000000,256000.000000,845.085425,216341868.800000,False,False,225,650,225,650,225,650,185,650
C170,non-critical,P4 light (hull-pruned),85055.000000,85015.000000,0,0.000000,162945.000000,848.165639,138204350.000000,True,True,225,650,225,650,225,650,185,1050
C170,non-critical,P4 light (hull-pruned),85055.000000,85015.000000,1,23363.000000,186308.000000,834.601681,155492970.000000,True,True,225,650,225,650,225,650,185,1050
C170,non-critical,P4 light (hull-pruned),85055.000000,85015.000000,2,54869.000000,217814.000000,828.381645,180433119.600000,True,True,225,650,225,650,225,650,185,1050
C170,non-critical,P4 light (hull-pruned),85055.000000,85015.000000,3,87065.000000,250010.000000,839.690792,209931094.800000,False,False,225,650,225,650,225,650,185,1050
C170,non-critical,P4 light (hull-pruned),85055.000000,85015.000000,4,93055.000000,256000.000000,845.374488,216415868.800000,False,False,225,650,225,650,225,650,185,1050
C171,critical,all-heavy (limiting group),85015.000000,85015.000000,0,0.000000,162985.000000,847.662975,138156350.000000,True,True,225,650,225,650,225,650,225,650
C171,critical,all-heavy (limiting group),85015.000000,85015.000000,1,23363.000000,186348.000000,834.164949,155444970.000000,True,True,225,650,225,650,225,650,225,650
C171,critical,all-heavy (limiting group),85015.000000,85015.000000,2,54869.000000,217854.000000,828.009215,180385119.600000,True,True,225,650,225,650,225,650,225,650
C171,critical,all-heavy (limiting group),85015.000000,85015.000000,3,87065.000000,250050.000000,839.364506,209883094.800000,False,False,225,650,225,650,225,650,225,650
C171,critical,all-heavy (limiting group),85015.000000,85015.000000,4,93055.000000,256040.000000,845.054948,216367868.800000,False,False,225,650,225,650,225,650,225,650
C172,critical,all-heavy (limiting group),85015.000000,85015.000000,0,0.000000,162985.000000,848.215173,138246350.000000,True,True,225,650,225,650,225,650,225,1050
C172,critical,all-heavy (limiting group),85015.000000,85015.000000,1,23363.000000,186348.000000,834.647917,155534970.000000,True,True,225,650,225,650,225,650,225,1050
C172,critical,all-heavy (limiting group),85015.000000,85015.000000,2,54869.000000,217854.000000,828.422336,180475119.600000,True,True,225,650,225,650,225,650,225,1050
C172,critical,all-heavy (limiting group),85015.000000,85015.000000,3,87065.000000,250050.000000,839.724434,209973094.800000,False,False,225,650,225,650,225,650,225,1050
C172,critical,all-heavy (limiting group),85015.000000,85015.000000,4,93055.000000,256040.000000,845.406455,216457868.800000,False,False,225,650,225,650,225,650,225,1050
C173,non-critical,P4 light (hull-pruned),85055.000000,85015.000000,0,0.000000,162945.000000,848.263831,138220350.000000,True,True,225,650,225,650,225,1050,185,650
C173,non-critical,P4 light (hull-pruned),85055.000000,85015.000000,1,23363.000000,186308.000000,834.687560,155508970.000000,True,True,225,650,225,650,225,1050,185,650
C173,non-critical,P4 light (hull-pruned),85055.000000,85015.000000,2,54869.000000,217814.000000,828.455102,180449119.600000,True,True,225,650,225,650,225,1050,185,650
C173,non-critical,P4 light (hull-pruned),85055.000000,85015.000000,3,87065.000000,250010.000000,839.754789,209947094.800000,False,False,225,650,225,650,225,1050,185,650
C173,non-critical,P4 light (hull-pruned),85055.000000,85015.000000,4,93055.000000,256000.000000,845.436988,216431868.800000,False,False,225,650,225,650,225,1050,185,650
C174,non-critical,P4 light (hull-pruned),85055.000000,85015.000000,0,0.000000,162945.000000,848.717972,138294350.000000,True,True,225,650,225,650,225,1050,185,1050
C174,non-critical,P4 light (hull-pruned),85055.000000,85015.000000,1,23363.000000,186308.000000,835.084752,155582970.000000,True,True,225,650,225,650,225,1050,185,1050
C174,non-critical,P4 light (hull-pruned),85055.000000,85015.000000,2,54869.000000,217814.000000,828.794841,180523119.600000,True,True,225,650,225,650,225,1050,185,1050
C174,non-critical,P4 light (hull-pruned),85055.000000,85015.000000,3,87065.000000,250010.000000,840.050777,210021094.800000,False,False,225,650,225,650,225,1050,185,1050
C174,non-critical,P4 light (hull-pruned),85055.000000,85015.000000,4,93055.000000,256000.000000,845.726050,216505868.800000,False,False,225,650,225,650,225,1050,185,1050
C175,critical,all-heavy (limiting group),85015.000000,85015.000000,0,0.000000,162985.000000,848.215173,138246350.000000,True,True,225,650,225,650,225,1050,225,650
C175,critical,all-heavy (limiting group),85015.000000,85015.000000,1,23363.000000,186348.000000,834.647917,155534970.000000,True,True,225,650,225,650,225,1050,225,650
C175,critical,all-heavy (limiting group),85015.000000,85015.000000,2,54869.000000,217854.000000,828.422336,180475119.600000,True,True,225,650,225,650,225,1050,225,650
C175,critical,all-heavy (limiting group),85015.000000,85015.000000,3,87065.000000,250050.000000,839.724434,209973094.800000,False,False,225,650,225,650,225,1050,225,650
C175,critical,all-heavy (limiting group),85015.000000,85015.000000,4,93055.000000,256040.000000,845.406455,216457868.800000,False,False,225,650,225,650,225,1050,225,650
C176,critical,all-heavy (limiting group),85015.000000,85015.000000,0,0.000000,162985.000000,848.767371,138336350.000000,True,True,225,650,225,650,225,1050,225,1050
C176,critical,all-heavy (limiting group),85015.000000,85015.000000,1,23363.000000,186348.000000,835.130884,155624970.000000,True,True,225,650,225,650,225,1050,225,1050
C176,critical,all-heavy (limiting group),85015.000000,85015.000000,2,54869.000000,217854.000000,828.835457,180565119.600000,True,True,225,650,225,650,225,1050,225,1050
C176,critical,all-heavy (limiting group),85015.000000,85015.000000,3,87065.000000,250050.000000,840.084362,210063094.800000,False,False,225,650,225,650,225,1050,225,1050
C176,critical,all-heavy (limiting group),85015.000000,85015.000000,4,93055.000000,256040.000000,845.757963,216547868.800000,False,False,225,650,225,650,225,1050,225,1050
C177,non-critical,P3 light (hull-pruned),85095.000000,85015.000000,0,0.000000,162905.000000,848.312513,138194350.000000,True,True,225,650,225,1050,185,650,185,650
C177,non-critical,P3 light (hull-pruned),85095.000000,85015.000000,1,23363.000000,186268.000000,834.727221,155482970.000000,True,True,225,650,225,1050,185,650,185,650
C177,non-critical,P3 light (hull-pruned),85095.000000,85015.000000,2,54869.000000,217774.000000,828.487880,180423119.600000,True,True,225,650,225,1050,185,650,185,650
C177,non-critical,P3 light (hull-pruned),85095.000000,85015.000000,3,87065.000000,249970.000000,839.785153,209921094.800000,False,False,225,650,225,1050,185,650,185,650
C177,non-critical,P3 light (hull-pruned),85095.000000,85015.000000,4,93055.000000,255960.000000,845.467529,216405868.800000,False,False,225,650,225,1050,185,650,185,650
C178,non-critical,P3 light (hull-pruned),85095.000000,85015.000000,0,0.000000,162905.000000,848.766766,138268350.000000,True,True,225,650,225,1050,185,650,185,1050
C178,non-critical,P3 light (hull-pruned),85095.000000,85015.000000,1,23363.000000,186268.000000,835.124498,155556970.000000,True,True,225,650,225,1050,185,650,185,1050
C178,non-critical,P3 light (hull-pruned),85095.000000,85015.000000,2,54869.000000,217774.000000,828.827682,180497119.600000,True,True,225,650,225,1050,185,650,185,1050
C178,non-critical,P3 light (hull-pruned),85095.000000,85015.000000,3,87065.000000,249970.000000,840.081189,209995094.800000,False,False,225,650,225,1050,185,650,185,1050
C178,non-critical,P3 light (hull-pruned),85095.000000,85015.000000,4,93055.000000,255960.000000,845.756637,216479868.800000,False,False,225,650,225,1050,185,650,185,1050
C179,non-critical,P3 light (hull-pruned),85055.000000,85015.000000,0,0.000000,162945.000000,848.263831,138220350.000000,True,True,225,650,225,1050,185,650,225,650
C179,non-critical,P3 light (hull-pruned),85055.000000,85015.000000,1,23363.000000,186308.000000,834.687560,155508970.000000,True,True,225,650,225,1050,185,650,225,650
C179,non-critical,P3 light (hull-pruned),85055.000000,85015.000000,2,54869.000000,217814.000000,828.455102,180449119.600000,True,True,225,650,225,1050,185,650,225,650
C179,non-critical,P3 light (hull-pruned),85055.000000,85015.000000,3,87065.000000,250010.000000,839.754789,209947094.800000,False,False,225,650,225,1050,185,650,225,650
C179,non-critical,P3 light (hull-pruned),85055.000000,85015.000000,4,93055.000000,256000.000000,845.436988,216431868.800000,False,False,225,650,225,1050,185,650,225,650
C180,non-critical,P3 light (hull-pruned),85055.000000,85015.000000,0,0.000000,162945.000000,848.816165,138310350.000000,True,True,225,650,225,1050,185,650,225,1050
C180,non-critical,P3 light (hull-pruned),85055.000000,85015.000000,1,23363.000000,186308.000000,835.170631,155598970.000000,True,True,225,650,225,1050,185,650,225,1050
C180,non-critical,P3 light (hull-pruned),85055.000000,85015.000000,2,54869.000000,217814.000000,828.868299,180539119.600000,True,True,225,650,225,1050,185,650,225,1050
C180,non-critical,P3 light (hull-pruned),85055.000000,85015.000000,3,87065.000000,250010.000000,840.114775,210037094.800000,False,False,225,650,225,1050,185,650,225,1050
C180,non-critical,P3 light (hull-pruned),85055.000000,85015.000000,4,93055.000000,256000.000000,845.788550,216521868.800000,False,False,225,650,225,1050,185,650,225,1050
C181,non-critical,P3 light (hull-pruned),85095.000000,85015.000000,0,0.000000,162905.000000,848.766766,138268350.000000,True,True,225,650,225,1050,185,1050,185,650
C181,non-critical,P3 light (hull-pruned),85095.000000,85015.000000,1,23363.000000,186268.000000,835.124498,155556970.000000,True,True,225,650,225,1050,185,1050,185,650
C181,non-critical,P3 light (hull-pruned),85095.000000,85015.000000,2,54869.000000,217774.000000,828.827682,180497119.600000,True,True,225,650,225,1050,185,1050,185,650
C181,non-critical,P3 light (hull-pruned),85095.000000,85015.000000,3,87065.000000,249970.000000,840.081189,209995094.800000,False,False,225,650,225,1050,185,1050,185,650
C181,non-critical,P3 light (hull-pruned),85095.000000,85015.000000,4,93055.000000,255960.000000,845.756637,216479868.800000,False,False,225,650,225,1050,185,1050,185,650
C182,non-critical,P3 light (hull-pruned),85095.000000,85015.000000,0,0.000000,162905.000000,849.221018,138342350.000000,True,True,225,650,225,1050,185,1050,185,1050
C182,non-critical,P3 light (hull-pruned),85095.000000,85015.000000,1,23363.000000,186268.000000,835.521775,155630970.000000,True,True,225,650,225,1050,185,1050,185,1050
C182,non-critical,P3 light (hull-pruned),85095.000000,85015.000000,2,54869.000000,217774.000000,829.167484,180571119.600000,True,True,225,650,225,1050,185,1050,185,1050
C182,non-critical,P3 light (hull-pruned),85095.000000,85015.000000,3,87065.000000,249970.000000,840.377224,210069094.800000,False,False,225,650,225,1050,185,1050,185,1050
C182,non-critical,P3 light (hull-pruned),85095.000000,85015.000000,4,93055.000000,255960.000000,846.045745,216553868.800000,False,False,225,650,225,1050,185,1050,185,1050
C183,non-critical,P3 light (hull-pruned),85055.000000,85015.000000,0,0.000000,162945.000000,848.717972,138294350.000000,True,True,225,650,225,1050,185,1050,225,650
C183,non-critical,P3 light (hull-pruned),85055.000000,85015.000000,1,23363.000000,186308.000000,835.084752,155582970.000000,True,True,225,650,225,1050,185,1050,225,650
C183,non-critical,P3 light (hull-pruned),85055.000000,85015.000000,2,54869.000000,217814.000000,828.794841,180523119.600000,True,True,225,650,225,1050,185,1050,225,650
C183,non-critical,P3 light (hull-pruned),85055.000000,85015.000000,3,87065.000000,250010.000000,840.050777,210021094.800000,False,False,225,650,225,1050,185,1050,225,650
C183,non-critical,P3 light (hull-pruned),85055.000000,85015.000000,4,93055.000000,256000.000000,845.726050,216505868.800000,False,False,225,650,225,1050,185,1050,225,650
C184,non-critical,P3 light (hull-pruned),85055.000000,85015.000000,0,0.000000,162945.000000,849.270306,138384350.000000,True,True,225,650,225,1050,185,1050,225,1050
C184,non-critical,P3 light (hull-pruned),85055.000000,85015.000000,1,23363.000000,186308.000000,835.567823,155672970.000000,True,True,225,650,225,1050,185,1050,225,1050
C184,non-critical,P3 light (hull-pruned),85055.000000,85015.000000,2,54869.000000,217814.000000,829.208038,180613119.600000,True,True,225,650,225,1050,185,1050,225,1050
C184,non-critical,P3 light (hull-pruned),85055.000000,85015.000000,3,87065.000000,250010.000000,840.410763,210111094.800000,False,False,225,650,225,1050,185,1050,225,1050
C184,non-critical,P3 light (hull-pruned),85055.000000,85015.000000,4,93055.000000,256000.000000,846.077613,216595868.800000,False,False,225,650,225,1050,185,1050,225,1050
C185,non-critical,P4 light (hull-pruned),85055.000000,85015.000000,0,0.000000,162945.000000,848.263831,138220350.000000,True,True,225,650,225,1050,225,650,185,650
C185,non-critical,P4 light (hull-pruned),85055.000000,85015.000000,1,23363.000000,186308.000000,834.687560,155508970.000000,True,True,225,650,225,1050,225,650,185,650
C185,non-critical,P4 light (hull-pruned),85055.000000,85015.000000,2,54869.000000,217814.000000,828.455102,180449119.600000,True,True,225,650,225,1050,225,650,185,650
C185,non-critical,P4 light (hull-pruned),85055.000000,85015.000000,3,87065.000000,250010.000000,839.754789,209947094.800000,False,False,225,650,225,1050,225,650,185,650
C185,non-critical,P4 light (hull-pruned),85055.000000,85015.000000,4,93055.000000,256000.000000,845.436988,216431868.800000,False,False,225,650,225,1050,225,650,185,650
C186,non-critical,P4 light (hull-pruned),85055.000000,85015.000000,0,0.000000,162945.000000,848.717972,138294350.000000,True,True,225,650,225,1050,225,650,185,1050
C186,non-critical,P4 light (hull-pruned),85055.000000,85015.000000,1,23363.000000,186308.000000,835.084752,155582970.000000,True,True,225,650,225,1050,225,650,185,1050
C186,non-critical,P4 light (hull-pruned),85055.000000,85015.000000,2,54869.000000,217814.000000,828.794841,180523119.600000,True,True,225,650,225,1050,225,650,185,1050
C186,non-critical,P4 light (hull-pruned),85055.000000,85015.000000,3,87065.000000,250010.000000,840.050777,210021094.800000,False,False,225,650,225,1050,225,650,185,1050
C186,non-critical,P4 light (hull-pruned),85055.000000,85015.000000,4,93055.000000,256000.000000,845.726050,216505868.800000,False,False,225,650,225,1050,225,650,185,1050
C187,critical,all-heavy (limiting group),85015.000000,85015.000000,0,0.000000,162985.000000,848.215173,138246350.000000,True,True,225,650,225,1050,225,650,225,650
C187,critical,all-heavy (limiting group),85015.000000,85015.000000,1,23363.000000,186348.000000,834.647917,155534970.000000,True,True,225,650,225,1050,225,650,225,650
C187,critical,all-heavy (limiting group),85015.000000,85015.000000,2,54869.000000,217854.000000,828.422336,180475119.600000,True,True,225,650,225,1050,225,650,225,650
C187,critical,all-heavy (limiting group),85015.000000,85015.000000,3,87065.000000,250050.000000,839.724434,209973094.800000,False,False,225,650,225,1050,225,650,225,650
C187,critical,all-heavy (limiting group),85015.000000,85015.000000,4,93055.000000,256040.000000,845.406455,216457868.800000,False,False,225,650,225,1050,225,650,225,650
C188,critical,all-heavy (limiting group),85015.000000,85015.000000,0,0.000000,162985.000000,848.767371,138336350.000000,True,True,225,650,225,1050,225,650,225,1050
C188,critical,all-heavy (limiting group),85015.000000,85015.000000,1,23363.000000,186348.000000,835.130884,155624970.000000,True,True,225,650,225,1050,225,650,225,1050
C188,critical,all-heavy (limiting group),85015.000000,85015.000000,2,54869.000000,217854.000000,828.835457,180565119.600000,True,True,225,650,225,1050,225,650,225,1050
C188,critical,all-heavy (limiting group),85015.000000,85015.000000,3,87065.000000,250050.000000,840.084362,210063094.800000,False,False,225,650,225,1050,225,650,225,1050
C188,critical,all-heavy (limiting group),85015.000000,85015.000000,4,93055.000000,256040.000000,845.757963,216547868.800000,False,False,225,650,225,1050,225,650,225,1050
C189,non-critical,P4 light (hull-pruned),85055.000000,85015.000000,0,0.000000,162945.000000,848.816165,138310350.000000,True,True,225,650,225,1050,225,1050,185,650
C189,non-critical,P4 light (hull-pruned),85055.000000,85015.000000,1,23363.000000,186308.000000,835.170631,155598970.000000,True,True,225,650,225,1050,225,1050,185,650
C189,non-critical,P4 light (hull-pruned),85055.000000,85015.000000,2,54869.000000,217814.000000,828.868299,180539119.600000,True,True,225,650,225,1050,225,1050,185,650
C189,non-critical,P4 light (hull-pruned),85055.000000,85015.000000,3,87065.000000,250010.000000,840.114775,210037094.800000,False,False,225,650,225,1050,225,1050,185,650
C189,non-critical,P4 light (hull-pruned),85055.000000,85015.000000,4,93055.000000,256000.000000,845.788550,216521868.800000,False,False,225,650,225,1050,225,1050,185,650
C190,non-critical,P4 light (hull-pruned),85055.000000,85015.000000,0,0.000000,162945.000000,849.270306,138384350.000000,True,True,225,650,225,1050,225,1050,185,1050
C190,non-critical,P4 light (hull-pruned),85055.000000,85015.000000,1,23363.000000,186308.000000,835.567823,155672970.000000,True,True,225,650,225,1050,225,1050,185,1050
C190,non-critical,P4 light (hull-pruned),85055.000000,85015.000000,2,54869.000000,217814.000000,829.208038,180613119.600000,True,True,225,650,225,1050,225,1050,185,1050
C190,non-critical,P4 light (hull-pruned),85055.000000,85015.000000,3,87065.000000,250010.000000,840.410763,210111094.800000,False,False,225,650,225,1050,225,1050,185,1050
C190,non-critical,P4 light (hull-pruned),85055.000000,85015.000000,4,93055.000000,256000.000000,846.077613,216595868.800000,False,False,225,650,225,1050,225,1050,185,1050
C191,critical,all-heavy (limiting group),85015.000000,85015.000000,0,0.000000,162985.000000,848.767371,138336350.000000,True,True,225,650,225,1050,225,1050,225,650
C191,critical,all-heavy (limiting group),85015.000000,85015.000000,1,23363.000000,186348.000000,835.130884,155624970.000000,True,True,225,650,225,1050,225,1050,225,650
C191,critical,all-heavy (limiting group),85015.000000,85015.000000,2,54869.000000,217854.000000,828.835457,180565119.600000,True,True,225,650,225,1050,225,1050,225,650
C191,critical,all-heavy (limiting group),85015.000000,85015.000000,3,87065.000000,250050.000000,840.084362,210063094.800000,False,False,225,650,225,1050,225,1050,225,650
C191,critical,all-heavy (limiting group),85015.000000,85015.000000,4,93055.000000,256040.000000,845.757963,216547868.800000,False,False,225,650,225,1050,225,1050,225,650
C192,critical,all-heavy (limiting group),85015.000000,85015.000000,0,0.000000,162985.000000,849.319569,138426350.000000,True,True,225,650,225,1050,225,1050,225,1050
C192,critical,all-heavy (limiting group),85015.000000,85015.000000,1,23363.000000,186348.000000,835.613852,155714970.000000,True,True,225,650,225,1050,225,1050,225,1050
C192,critical,all-heavy (limiting group),85015.000000,85015.000000,2,54869.000000,217854.000000,829.248577,180655119.600000,True,True,225,650,225,1050,225,1050,225,1050
C192,critical,all-heavy (limiting group),85015.000000,85015.000000,3,87065.000000,250050.000000,840.444290,210153094.800000,False,False,225,650,225,1050,225,1050,225,1050
C192,critical,all-heavy (limiting group),85015.000000,85015.000000,4,93055.000000,256040.000000,846.109470,216637868.800000,False,False,225,650,225,1050,225,1050,225,1050
C193,non-critical,P2 light (hull-pruned),85135.000000,85015.000000,0,0.000000,162865.000000,848.361219,138168350.000000,True,True,225,1050,185,650,185,650,185,650
C193,non-critical,P2 light (hull-pruned),85135.000000,85015.000000,1,23363.000000,186228.000000,834.766899,155456970.000000,True,True,225,1050,185,650,185,650,185,650
C193,non-critical,P2 light (hull-pruned),85135.000000,85015.000000,2,54869.000000,217734.000000,828.520670,180397119.600000,True,True,225,1050,185,650,185,650,185,650
C193,non-critical,P2 light (hull-pruned),85135.000000,85015.000000,3,87065.000000,249930.000000,839.815528,209895094.800000,False,False,225,1050,185,650,185,650,185,650
C193,non-critical,P2 light (hull-pruned),85135.000000,85015.000000,4,93055.000000,255920.000000,845.498081,216379868.800000,False,False,225,1050,185,650,185,650,185,650
C194,non-critical,P2 light (hull-pruned),85135.000000,85015.000000,0,0.000000,162865.000000,848.815583,138242350.000000,True,True,225,1050,185,650,185,650,185,1050
C194,non-critical,P2 light (hull-pruned),85135.000000,85015.000000,1,23363.000000,186228.000000,835.164261,155530970.000000,True,True,225,1050,185,650,185,650,185,1050
C194,non-critical,P2 light (hull-pruned),85135.000000,85015.000000,2,54869.000000,217734.000000,828.860534,180471119.600000,True,True,225,1050,185,650,185,650,185,1050
C194,non-critical,P2 light (hull-pruned),85135.000000,85015.000000,3,87065.000000,249930.000000,840.111610,209969094.800000,False,False,225,1050,185,650,185,650,185,1050
C194,non-critical,P2 light (hull-pruned),85135.000000,85015.000000,4,93055.000000,255920.000000,845.787234,216453868.800000,False,False,225,1050,185,650,185,650,185,1050
C195,non-critical,P2 light (hull-pruned),85095.000000,85015.000000,0,0.000000,162905.000000,848.312513,138194350.000000,True,True,225,1050,185,650,185,650,225,650
C195,non-critical,P2 light (hull-pruned),85095.000000,85015.000000,1,23363.000000,186268.000000,834.727221,155482970.000000,True,True,225,1050,185,650,185,650,225,650
C195,non-critical,P2 light (hull-pruned),85095.000000,85015.000000,2,54869.000000,217774.000000,828.487880,180423119.600000,True,True,225,1050,185,650,185,650,225,650
C195,non-critical,P2 light (hull-pruned),85095.000000,85015.000000,3,87065.000000,249970.000000,839.785153,209921094.800000,False,False,225,1050,185,650,185,650,225,650
C195,non-critical,P2 light (hull-pruned),85095.000000,85015.000000,4,93055.000000,255960.000000,845.467529,216405868.800000,False,False,225,1050,185,650,185,650,225,650
C196,non-critical,P2 light (hull-pruned),85095.000000,85015.000000,0,0.000000,162905.000000,848.864983,138284350.000000,True,True,225,1050,185,650,185,650,225,1050
C196,non-critical,P2 light (hull-pruned),85095.000000,85015.000000,1,23363.000000,186268.000000,835.210396,155572970.000000,True,True,225,1050,185,650,185,650,225,1050
C196,non-critical,P2 light (hull-pruned),85095.000000,85015.000000,2,54869.000000,217774.000000,828.901153,180513119.600000,True,True,225,1050,185,650,185,650,225,1050
C196,non-critical,P2 light (hull-pruned),85095.000000,85015.000000,3,87065.000000,249970.000000,840.145197,210011094.800000,False,False,225,1050,185,650,185,650,225,1050
C196,non-critical,P2 light (hull-pruned),85095.000000,85015.000000,4,93055.000000,255960.000000,845.819147,216495868.800000,False,False,225,1050,185,650,185,650,225,1050
C197,non-critical,P2 light (hull-pruned),85135.000000,85015.000000,0,0.000000,162865.000000,848.815583,138242350.000000,True,True,225,1050,185,650,185,1050,185,650
C197,non-critical,P2 light (hull-pruned),85135.000000,85015.000000,1,23363.000000,186228.000000,835.164261,155530970.000000,True,True,225,1050,185,650,185,1050,185,650
C197,non-critical,P2 light (hull-pruned),85135.000000,85015.000000,2,54869.000000,217734.000000,828.860534,180471119.600000,True,True,225,1050,185,650,185,1050,185,650
C197,non-critical,P2 light (hull-pruned),85135.000000,85015.000000,3,87065.000000,249930.000000,840.111610,209969094.800000,False,False,225,1050,185,650,185,1050,185,650
C197,non-critical,P2 light (hull-pruned),85135.000000,85015.000000,4,93055.000000,255920.000000,845.787234,216453868.800000,False,False,225,1050,185,650,185,1050,185,650
C198,non-critical,P2 light (hull-pruned),85135.000000,85015.000000,0,0.000000,162865.000000,849.269948,138316350.000000,True,True,225,1050,185,650,185,1050,185,1050
C198,non-critical,P2 light (hull-pruned),85135.000000,85015.000000,1,23363.000000,186228.000000,835.561623,155604970.000000,True,True,225,1050,185,650,185,1050,185,1050
C198,non-critical,P2 light (hull-pruned),85135.000000,85015.000000,2,54869.000000,217734.000000,829.200399,180545119.600000,True,True,225,1050,185,650,185,1050,185,1050
C198,non-critical,P2 light (hull-pruned),85135.000000,85015.000000,3,87065.000000,249930.000000,840.407693,210043094.800000,False,False,225,1050,185,650,185,1050,185,1050
C198,non-critical,P2 light (hull-pruned),85135.000000,85015.000000,4,93055.000000,255920.000000,846.076386,216527868.800000,False,False,225,1050,185,650,185,1050,185,1050
C199,non-critical,P2 light (hull-pruned),85095.000000,85015.000000,0,0.000000,162905.000000,848.766766,138268350.000000,True,True,225,1050,185,650,185,1050,225,650
C199,non-critical,P2 light (hull-pruned),85095.000000,85015.000000,1,23363.000000,186268.000000,835.124498,155556970.000000,True,True,225,1050,185,650,185,1050,225,650
C199,non-critical,P2 light (hull-pruned),85095.000000,85015.000000,2,54869.000000,217774.000000,828.827682,180497119.600000,True,True,225,1050,185,650,185,1050,225,650
C199,non-critical,P2 light (hull-pruned),85095.000000,85015.000000,3,87065.000000,249970.000000,840.081189,209995094.800000,False,False,225,1050,185,650,185,1050,225,650
C199,non-critical,P2 light (hull-pruned),85095.000000,85015.000000,4,93055.000000,255960.000000,845.756637,216479868.800000,False,False,225,1050,185,650,185,1050,225,650
C200,non-critical,P2 light (hull-pruned),85095.000000,85015.000000,0,0.000000,162905.000000,849.319235,138358350.000000,True,True,225,1050,185,650,185,1050,225,1050
C200,non-critical,P2 light (hull-pruned),85095.000000,85015.000000,1,23363.000000,186268.000000,835.607673,155646970.000000,True,True,225,1050,185,650,185,1050,225,1050
C200,non-critical,P2 light (hull-pruned),85095.000000,85015.000000,2,54869.000000,217774.000000,829.240954,180587119.600000,True,True,225,1050,185,650,185,1050,225,1050
C200,non-critical,P2 light (hull-pruned),85095.000000,85015.000000,3,87065.000000,249970.000000,840.441232,210085094.800000,False,False,225,1050,185,650,185,1050,225,1050
C200,non-critical,P2 light (hull-pruned),85095.000000,85015.000000,4,93055.000000,255960.000000,846.108254,216569868.800000,False,False,225,1050,185,650,185,1050,225,1050
C201,non-critical,P2 light (hull-pruned),85095.000000,85015.000000,0,0.000000,162905.000000,848.312513,138194350.000000,True,True,225,1050,185,650,225,650,185,650
C201,non-critical,P2 light (hull-pruned),85095.000000,85015.000000,1,23363.000000,186268.000000,834.727221,155482970.000000,True,True,225,1050,185,650,225,650,185,650
C201,non-critical,P2 light (hull-pruned),85095.000000,85015.000000,2,54869.000000,217774.000000,828.487880,180423119.600000,True,True,225,1050,185,650,225,650,185,650
C201,non-critical,P2 light (hull-pruned),85095.000000,85015.000000,3,87065.000000,249970.000000,839.785153,209921094.800000,False,False,225,1050,185,650,225,650,185,650
C201,non-critical,P2 light (hull-pruned),85095.000000,85015.000000,4,93055.000000,255960.000000,845.467529,216405868.800000,False,False,225,1050,185,650,225,650,185,650
C202,non-critical,P2 light (hull-pruned),85095.000000,85015.000000,0,0.000000,162905.000000,848.766766,138268350.000000,True,True,225,1050,185,650,225,650,185,1050
C202,non-critical,P2 light (hull-pruned),85095.000000,85015.000000,1,23363.000000,186268.000000,835.124498,155556970.000000,True,True,225,1050,185,650,225,650,185,1050
C202,non-critical,P2 light (hull-pruned),85095.000000,85015.000000,2,54869.000000,217774.000000,828.827682,180497119.600000,True,True,225,1050,185,650,225,650,185,1050
C202,non-critical,P2 light (hull-pruned),85095.000000,85015.000000,3,87065.000000,249970.000000,840.081189,209995094.800000,False,False,225,1050,185,650,225,650,185,1050
C202,non-critical,P2 light (hull-pruned),85095.000000,85015.000000,4,93055.000000,255960.000000,845.756637,216479868.800000,False,False,225,1050,185,650,225,650,185,1050
C203,non-critical,P2 light (hull-pruned),85055.000000,85015.000000,0,0.000000,162945.000000,848.263831,138220350.000000,True,True,225,1050,185,650,225,650,225,650
C203,non-critical,P2 light (hull-pruned),85055.000000,85015.000000,1,23363.000000,186308.000000,834.687560,155508970.000000,True,True,225,1050,185,650,225,650,225,650
C203,non-critical,P2 light (hull-pruned),85055.000000,85015.000000,2,54869.000000,217814.000000,828.455102,180449119.600000,True,True,225,1050,185,650,225,650,225,650
C203,non-critical,P2 light (hull-pruned),85055.000000,85015.000000,3,87065.000000,250010.000000,839.754789,209947094.800000,False,False,225,1050,185,650,225,650,225,650
C203,non-critical,P2 light (hull-pruned),85055.000000,85015.000000,4,93055.000000,256000.000000,845.436988,216431868.800000,False,False,225,1050,185,650,225,650,225,650
C204,non-critical,P2 light (hull-pruned),85055.000000,85015.000000,0,0.000000,162945.000000,848.816165,138310350.000000,True,True,225,1050,185,650,225,650,225,1050
C204,non-critical,P2 light (hull-pruned),85055.000000,85015.000000,1,23363.000000,186308.000000,835.170631,155598970.000000,True,True,225,1050,185,650,225,650,225,1050
C204,non-critical,P2 light (hull-pruned),85055.000000,85015.000000,2,54869.000000,217814.000000,828.868299,180539119.600000,True,True,225,1050,185,650,225,650,225,1050
C204,non-critical,P2 light (hull-pruned),85055.000000,85015.000000,3,87065.000000,250010.000000,840.114775,210037094.800000,False,False,225,1050,185,650,225,650,225,1050
C204,non-critical,P2 light (hull-pruned),85055.000000,85015.000000,4,93055.000000,256000.000000,845.788550,216521868.800000,False,False,225,1050,185,650,225,650,225,1050
C205,non-critical,P2 light (hull-pruned),85095.000000,85015.000000,0,0.000000,162905.000000,848.864983,138284350.000000,True,True,225,1050,185,650,225,1050,185,650
C205,non-critical,P2 light (hull-pruned),85095.000000,85015.000000,1,23363.000000,186268.000000,835.210396,155572970.000000,True,True,225,1050,185,650,225,1050,185,650
C205,non-critical,P2 light (hull-pruned),85095.000000,85015.000000,2,54869.000000,217774.000000,828.901153,180513119.600000,True,True,225,1050,185,650,225,1050,185,650
C205,non-critical,P2 light (hull-pruned),85095.000000,85015.000000,3,87065.000000,249970.000000,840.145197,210011094.800000,False,False,225,1050,185,650,225,1050,185,650
C205,non-critical,P2 light (hull-pruned),85095.000000,85015.000000,4,93055.000000,255960.000000,845.819147,216495868.800000,False,False,225,1050,185,650,225,1050,185,650
C206,non-critical,P2 light (hull-pruned),85095.000000,85015.000000,0,0.000000,162905.000000,849.319235,138358350.000000,True,True,225,1050,185,650,225,1050,185,1050
C206,non-critical,P2 light (hull-pruned),85095.000000,85015.000000,1,23363.000000,186268.000000,835.607673,155646970.000000,True,True,225,1050,185,650,225,1050,185,1050
C206,non-critical,P2 light (hull-pruned),85095.000000,85015.000000,2,54869.000000,217774.000000,829.240954,180587119.600000,True,True,225,1050,185,650,225,1050,185,1050
C206,non-critical,P2 light (hull-pruned),85095.000000,85015.000000,3,87065.000000,249970.000000,840.441232,210085094.800000,False,False,225,1050,185,650,225,1050,185,1050
C206,non-critical,P2 light (hull-pruned),85095.000000,85015.000000,4,93055.000000,255960.000000,846.108254,216569868.800000,False,False,225,1050,185,650,225,1050,185,1050
C207,non-critical,P2 light (hull-pruned),85055.000000,85015.000000,0,0.000000,162945.000000,848.816165,138310350.000000,True,True,225,1050,185,650,225,1050,225,650
C207,non-critical,P2 light (hull-pruned),85055.000000,85015.000000,1,23363.000000,186308.000000,835.170631,155598970.000000,True,True,225,1050,185,650,225,1050,225,650
C207,non-critical,P2 light (hull-pruned),85055.000000,85015.000000,2,54869.000000,217814.000000,828.868299,180539119.600000,True,True,225,1050,185,650,225,1050,225,650
C207,non-critical,P2 light (hull-pruned),85055.000000,85015.000000,3,87065.000000,250010.000000,840.114775,210037094.800000,False,False,225,1050,185,650,225,1050,225,650
C207,non-critical,P2 light (hull-pruned),85055.000000,85015.000000,4,93055.000000,256000.000000,845.788550,216521868.800000,False,False,225,1050,185,650,225,1050,225,650
C208,non-critical,P2 light (hull-pruned),85055.000000,85015.000000,0,0.000000,162945.000000,849.368499,138400350.000000,True,True,225,1050,185,650,225,1050,225,1050
C208,non-critical,P2 light (hull-pruned),85055.000000,85015.000000,1,23363.000000,186308.000000,835.653702,155688970.000000,True,True,225,1050,185,650,225,1050,225,1050
C208,non-critical,P2 light (hull-pruned),85055.000000,85015.000000,2,54869.000000,217814.000000,829.281495,180629119.600000,True,True,225,1050,185,650,225,1050,225,1050
C208,non-critical,P2 light (hull-pruned),85055.000000,85015.000000,3,87065.000000,250010.000000,840.474760,210127094.800000,False,False,225,1050,185,650,225,1050,225,1050
C208,non-critical,P2 light (hull-pruned),85055.000000,85015.000000,4,93055.000000,256000.000000,846.140113,216611868.800000,False,False,225,1050,185,650,225,1050,225,1050
C209,non-critical,P2 light (hull-pruned),85135.000000,85015.000000,0,0.000000,162865.000000,848.815583,138242350.000000,True,True,225,1050,185,1050,185,650,185,650
C209,non-critical,P2 light (hull-pruned),85135.000000,85015.000000,1,23363.000000,186228.000000,835.164261,155530970.000000,True,True,225,1050,185,1050,185,650,185,650
C209,non-critical,P2 light (hull-pruned),85135.000000,85015.000000,2,54869.000000,217734.000000,828.860534,180471119.600000,True,True,225,1050,185,1050,185,650,185,650
C209,non-critical,P2 light (hull-pruned),85135.000000,85015.000000,3,87065.000000,249930.000000,840.111610,209969094.800000,False,False,225,1050,185,1050,185,650,185,650
C209,non-critical,P2 light (hull-pruned),85135.000000,85015.000000,4,93055.000000,255920.000000,845.787234,216453868.800000,False,False,225,1050,185,1050,185,650,185,650
C210,non-critical,P2 light (hull-pruned),85135.000000,85015.000000,0,0.000000,162865.000000,849.269948,138316350.000000,True,True,225,1050,185,1050,185,650,185,1050
C210,non-critical,P2 light (hull-pruned),85135.000000,85015.000000,1,23363.000000,186228.000000,835.561623,155604970.000000,True,True,225,1050,185,1050,185,650,185,1050
C210,non-critical,P2 light (hull-pruned),85135.000000,85015.000000,2,54869.000000,217734.000000,829.200399,180545119.600000,True,True,225,1050,185,1050,185,650,185,1050
C210,non-critical,P2 light (hull-pruned),85135.000000,85015.000000,3,87065.000000,249930.000000,840.407693,210043094.800000,False,False,225,1050,185,1050,185,650,185,1050
C210,non-critical,P2 light (hull-pruned),85135.000000,85015.000000,4,93055.000000,255920.000000,846.076386,216527868.800000,False,False,225,1050,185,1050,185,650,185,1050
C211,non-critical,P2 light (hull-pruned),85095.000000,85015.000000,0,0.000000,162905.000000,848.766766,138268350.000000,True,True,225,1050,185,1050,185,650,225,650
C211,non-critical,P2 light (hull-pruned),85095.000000,85015.000000,1,23363.000000,186268.000000,835.124498,155556970.000000,True,True,225,1050,185,1050,185,650,225,650
C211,non-critical,P2 light (hull-pruned),85095.000000,85015.000000,2,54869.000000,217774.000000,828.827682,180497119.600000,True,True,225,1050,185,1050,185,650,225,650
C211,non-critical,P2 light (hull-pruned),85095.000000,85015.000000,3,87065.000000,249970.000000,840.081189,209995094.800000,False,False,225,1050,185,1050,185,650,225,650
C211,non-critical,P2 light (hull-pruned),85095.000000,85015.000000,4,93055.000000,255960.000000,845.756637,216479868.800000,False,False,225,1050,185,1050,185,650,225,650
C212,non-critical,P2 light (hull-pruned),85095.000000,85015.000000,0,0.000000,162905.000000,849.319235,138358350.000000,True,True,225,1050,185,1050,185,650,225,1050
C212,non-critical,P2 light (hull-pruned),85095.000000,85015.000000,1,23363.000000,186268.000000,835.607673,155646970.000000,True,True,225,1050,185,1050,185,650,225,1050
C212,non-critical,P2 light (hull-pruned),85095.000000,85015.000000,2,54869.000000,217774.000000,829.240954,180587119.600000,True,True,225,1050,185,1050,185,650,225,1050
C212,non-critical,P2 light (hull-pruned),85095.000000,85015.000000,3,87065.000000,249970.000000,840.441232,210085094.800000,False,False,225,1050,185,1050,185,650,225,1050
C212,non-critical,P2 light (hull-pruned),85095.000000,85015.000000,4,93055.000000,255960.000000,846.108254,216569868.800000,False,False,225,1050,185,1050,185,650,225,1050
C213,non-critical,P2 light (hull-pruned),85135.000000,85015.000000,0,0.000000,162865.000000,849.269948,138316350.000000,True,True,225,1050,185,1050,185,1050,185,650
C213,non-critical,P2 light (hull-pruned),85135.000000,85015.000000,1,23363.000000,186228.000000,835.561623,155604970.000000,True,True,225,1050,185,1050,185,1050,185,650
C213,non-critical,P2 light (hull-pruned),85135.000000,85015.000000,2,54869.000000,217734.000000,829.200399,180545119.600000,True,True,225,1050,185,1050,185,1050,185,650
C213,non-critical,P2 light (hull-pruned),85135.000000,85015.000000,3,87065.000000,249930.000000,840.407693,210043094.800000,False,False,225,1050,185,1050,185,1050,185,650
C213,non-critical,P2 light (hull-pruned),85135.000000,85015.000000,4,93055.000000,255920.000000,846.076386,216527868.800000,False,False,225,1050,185,1050,185,1050,185,650
C214,non-critical,P2 light (hull-pruned),85135.000000,85015.000000,0,0.000000,162865.000000,849.724312,138390350.000000,True,True,225,1050,185,1050,185,1050,185,1050
C214,non-critical,P2 light (hull-pruned),85135.000000,85015.000000,1,23363.000000,186228.000000,835.958986,155678970.000000,True,True,225,1050,185,1050,185,1050,185,1050
C214,non-critical,P2 light (hull-pruned),85135.000000,85015.000000,2,54869.000000,217734.000000,829.540263,180619119.600000,True,True,225,1050,185,1050,185,1050,185,1050
C214,non-critical,P2 light (hull-pruned),85135.000000,85015.000000,3,87065.000000,249930.000000,840.703776,210117094.800000,False,False,225,1050,185,1050,185,1050,185,1050
C214,non-critical,P2 light (hull-pruned),85135.000000,85015.000000,4,93055.000000,255920.000000,846.365539,216601868.800000,False,False,225,1050,185,1050,185,1050,185,1050
C215,non-critical,P2 light (hull-pruned),85095.000000,85015.000000,0,0.000000,162905.000000,849.221018,138342350.000000,True,True,225,1050,185,1050,185,1050,225,650
C215,non-critical,P2 light (hull-pruned),85095.000000,85015.000000,1,23363.000000,186268.000000,835.521775,155630970.000000,True,True,225,1050,185,1050,185,1050,225,650
C215,non-critical,P2 light (hull-pruned),85095.000000,85015.000000,2,54869.000000,217774.000000,829.167484,180571119.600000,True,True,225,1050,185,1050,185,1050,225,650
C215,non-critical,P2 light (hull-pruned),85095.000000,85015.000000,3,87065.000000,249970.000000,840.377224,210069094.800000,False,False,225,1050,185,1050,185,1050,225,650
C215,non-critical,P2 light (hull-pruned),85095.000000,85015.000000,4,93055.000000,255960.000000,846.045745,216553868.800000,False,False,225,1050,185,1050,185,1050,225,650
C216,non-critical,P2 light (hull-pruned),85095.000000,85015.000000,0,0.000000,162905.000000,849.773488,138432350.000000,True,True,225,1050,185,1050,185,1050,225,1050
C216,non-critical,P2 light (hull-pruned),85095.000000,85015.000000,1,23363.000000,186268.000000,836.004950,155720970.000000,True,True,225,1050,185,1050,185,1050,225,1050
C216,non-critical,P2 light (hull-pruned),85095.000000,85015.000000,2,54869.000000,217774.000000,829.580756,180661119.600000,True,True,225,1050,185,1050,185,1050,225,1050
C216,non-critical,P2 light (hull-pruned),85095.000000,85015.000000,3,87065.000000,249970.000000,840.737268,210159094.800000,False,False,225,1050,185,1050,185,1050,225,1050
C216,non-critical,P2 light (hull-pruned),85095.000000,85015.000000,4,93055.000000,255960.000000,846.397362,216643868.800000,False,False,225,1050,185,1050,185,1050,225,1050
C217,non-critical,P2 light (hull-pruned),85095.000000,85015.000000,0,0.000000,162905.000000,848.766766,138268350.000000,True,True,225,1050,185,1050,225,650,185,650
C217,non-critical,P2 light (hull-pruned),85095.000000,85015.000000,1,23363.000000,186268.000000,835.124498,155556970.000000,True,True,225,1050,185,1050,225,650,185,650
C217,non-critical,P2 light (hull-pruned),85095.000000,85015.000000,2,54869.000000,217774.000000,828.827682,180497119.600000,True,True,225,1050,185,1050,225,650,185,650
C217,non-critical,P2 light (hull-pruned),85095.000000,85015.000000,3,87065.000000,249970.000000,840.081189,209995094.800000,False,False,225,1050,185,1050,225,650,185,650
C217,non-critical,P2 light (hull-pruned),85095.000000,85015.000000,4,93055.000000,255960.000000,845.756637,216479868.800000,False,False,225,1050,185,1050,225,650,185,650
C218,non-critical,P2 light (hull-pruned),85095.000000,85015.000000,0,0.000000,162905.000000,849.221018,138342350.000000,True,True,225,1050,185,1050,225,650,185,1050
C218,non-critical,P2 light (hull-pruned),85095.000000,85015.000000,1,23363.000000,186268.000000,835.521775,155630970.000000,True,True,225,1050,185,1050,225,650,185,1050
C218,non-critical,P2 light (hull-pruned),85095.000000,85015.000000,2,54869.000000,217774.000000,829.167484,180571119.600000,True,True,225,1050,185,1050,225,650,185,1050
C218,non-critical,P2 light (hull-pruned),85095.000000,85015.000000,3,87065.000000,249970.000000,840.377224,210069094.800000,False,False,225,1050,185,1050,225,650,185,1050
C218,non-critical,P2 light (hull-pruned),85095.000000,85015.000000,4,93055.000000,255960.000000,846.045745,216553868.800000,False,False,225,1050,185,1050,225,650,185,1050
C219,non-critical,P2 light (hull-pruned),85055.000000,85015.000000,0,0.000000,162945.000000,848.717972,138294350.000000,True,True,225,1050,185,1050,225,650,225,650
C219,non-critical,P2 light (hull-pruned),85055.000000,85015.000000,1,23363.000000,186308.000000,835.084752,155582970.000000,True,True,225,1050,185,1050,225,650,225,650
C219,non-critical,P2 light (hull-pruned),85055.000000,85015.000000,2,54869.000000,217814.000000,828.794841,180523119.600000,True,True,225,1050,185,1050,225,650,225,650
C219,non-critical,P2 light (hull-pruned),85055.000000,85015.000000,3,87065.000000,250010.000000,840.050777,210021094.800000,False,False,225,1050,185,1050,225,650,225,650
C219,non-critical,P2 light (hull-pruned),85055.000000,85015.000000,4,93055.000000,256000.000000,845.726050,216505868.800000,False,False,225,1050,185,1050,225,650,225,650
C220,non-critical,P2 light (hull-pruned),85055.000000,85015.000000,0,0.000000,162945.000000,849.270306,138384350.000000,True,True,225,1050,185,1050,225,650,225,1050
C220,non-critical,P2 light (hull-pruned),85055.000000,85015.000000,1,23363.000000,186308.000000,835.567823,155672970.000000,True,True,225,1050,185,1050,225,650,225,1050
C220,non-critical,P2 light (hull-pruned),85055.000000,85015.000000,2,54869.000000,217814.000000,829.208038,180613119.600000,True,True,225,1050,185,1050,225,650,225,1050
C220,non-critical,P2 light (hull-pruned),85055.000000,85015.000000,3,87065.000000,250010.000000,840.410763,210111094.800000,False,False,225,1050,185,1050,225,650,225,1050
C220,non-critical,P2 light (hull-pruned),85055.000000,85015.000000,4,93055.000000,256000.000000,846.077613,216595868.800000,False,False,225,1050,185,1050,225,650,225,1050
C221,non-critical,P2 light (hull-pruned),85095.000000,85015.000000,0,0.000000,162905.000000,849.319235,138358350.000000,True,True,225,1050,185,1050,225,1050,185,650
C221,non-critical,P2 light (hull-pruned),85095.000000,85015.000000,1,23363.000000,186268.000000,835.607673,155646970.000000,True,True,225,1050,185,1050,225,1050,185,650
C221,non-critical,P2 light (hull-pruned),85095.000000,85015.000000,2,54869.000000,217774.000000,829.240954,180587119.600000,True,True,225,1050,185,1050,225,1050,185,650
C221,non-critical,P2 light (hull-pruned),85095.000000,85015.000000,3,87065.000000,249970.000000,840.441232,210085094.800000,False,False,225,1050,185,1050,225,1050,185,650
C221,non-critical,P2 light (hull-pruned),85095.000000,85015.000000,4,93055.000000,255960.000000,846.108254,216569868.800000,False,False,225,1050,185,1050,225,1050,185,650
C222,non-critical,P2 light (hull-pruned),85095.000000,85015.000000,0,0.000000,162905.000000,849.773488,138432350.000000,True,True,225,1050,185,1050,225,1050,185,1050
C222,non-critical,P2 light (hull-pruned),85095.000000,85015.000000,1,23363.000000,186268.000000,836.004950,155720970.000000,True,True,225,1050,185,1050,225,1050,185,1050
C222,non-critical,P2 light (hull-pruned),85095.000000,85015.000000,2,54869.000000,217774.000000,829.580756,180661119.600000,True,True,225,1050,185,1050,225,1050,185,1050
C222,non-critical,P2 light (hull-pruned),85095.000000,85015.000000,3,87065.000000,249970.000000,840.737268,210159094.800000,False,False,225,1050,185,1050,225,1050,185,1050
C222,non-critical,P2 light (hull-pruned),85095.000000,85015.000000,4,93055.000000,255960.000000,846.397362,216643868.800000,False,False,225,1050,185,1050,225,1050,185,1050
C223,non-critical,P2 light (hull-pruned),85055.000000,85015.000000,0,0.000000,162945.000000,849.270306,138384350.000000,True,True,225,1050,185,1050,225,1050,225,650
C223,non-critical,P2 light (hull-pruned),85055.000000,85015.000000,1,23363.000000,186308.000000,835.567823,155672970.000000,True,True,225,1050,185,1050,225,1050,225,650
C223,non-critical,P2 light (hull-pruned),85055.000000,85015.000000,2,54869.000000,217814.000000,829.208038,180613119.600000,True,True,225,1050,185,1050,225,1050,225,650
C223,non-critical,P2 light (hull-pruned),85055.000000,85015.000000,3,87065.000000,250010.000000,840.410763,210111094.800000,False,False,225,1050,185,1050,225,1050,225,650
C223,non-critical,P2 light (hull-pruned),85055.000000,85015.000000,4,93055.000000,256000.000000,846.077613,216595868.800000,False,False,225,1050,185,1050,225,1050,225,650
C224,non-critical,P2 light (hull-pruned),85055.000000,85015.000000,0,0.000000,162945.000000,849.822640,138474350.000000,True,True,225,1050,185,1050,225,1050,225,1050
C224,non-critical,P2 light (hull-pruned),85055.000000,85015.000000,1,23363.000000,186308.000000,836.050894,155762970.000000,True,True,225,1050,185,1050,225,1050,225,1050
C224,non-critical,P2 light (hull-pruned),85055.000000,85015.000000,2,54869.000000,217814.000000,829.621235,180703119.600000,True,True,225,1050,185,1050,225,1050,225,1050
C224,non-critical,P2 light (hull-pruned),85055.000000,85015.000000,3,87065.000000,250010.000000,840.770748,210201094.800000,False,False,225,1050,185,1050,225,1050,225,1050
C224,non-critical,P2 light (hull-pruned),85055.000000,85015.000000,4,93055.000000,256000.000000,846.429175,216685868.800000,False,False,225,1050,185,1050,225,1050,225,1050
C225,non-critical,P3 light (hull-pruned),85095.000000,85015.000000,0,0.000000,162905.000000,848.312513,138194350.000000,True,True,225,1050,225,650,185,650,185,650
C225,non-critical,P3 light (hull-pruned),85095.000000,85015.000000,1,23363.000000,186268.000000,834.727221,155482970.000000,True,True,225,1050,225,650,185,650,185,650
C225,non-critical,P3 light (hull-pruned),85095.000000,85015.000000,2,54869.000000,217774.000000,828.487880,180423119.600000,True,True,225,1050,225,650,185,650,185,650
C225,non-critical,P3 light (hull-pruned),85095.000000,85015.000000,3,87065.000000,249970.000000,839.785153,209921094.800000,False,False,225,1050,225,650,185,650,185,650
C225,non-critical,P3 light (hull-pruned),85095.000000,85015.000000,4,93055.000000,255960.000000,845.467529,216405868.800000,False,False,225,1050,225,650,185,650,185,650
C226,non-critical,P3 light (hull-pruned),85095.000000,85015.000000,0,0.000000,162905.000000,848.766766,138268350.000000,True,True,225,1050,225,650,185,650,185,1050
C226,non-critical,P3 light (hull-pruned),85095.000000,85015.000000,1,23363.000000,186268.000000,835.124498,155556970.000000,True,True,225,1050,225,650,185,650,185,1050
C226,non-critical,P3 light (hull-pruned),85095.000000,85015.000000,2,54869.000000,217774.000000,828.827682,180497119.600000,True,True,225,1050,225,650,185,650,185,1050
C226,non-critical,P3 light (hull-pruned),85095.000000,85015.000000,3,87065.000000,249970.000000,840.081189,209995094.800000,False,False,225,1050,225,650,185,650,185,1050
C226,non-critical,P3 light (hull-pruned),85095.000000,85015.000000,4,93055.000000,255960.000000,845.756637,216479868.800000,False,False,225,1050,225,650,185,650,185,1050
C227,non-critical,P3 light (hull-pruned),85055.000000,85015.000000,0,0.000000,162945.000000,848.263831,138220350.000000,True,True,225,1050,225,650,185,650,225,650
C227,non-critical,P3 light (hull-pruned),85055.000000,85015.000000,1,23363.000000,186308.000000,834.687560,155508970.000000,True,True,225,1050,225,650,185,650,225,650
C227,non-critical,P3 light (hull-pruned),85055.000000,85015.000000,2,54869.000000,217814.000000,828.455102,180449119.600000,True,True,225,1050,225,650,185,650,225,650
C227,non-critical,P3 light (hull-pruned),85055.000000,85015.000000,3,87065.000000,250010.000000,839.754789,209947094.800000,False,False,225,1050,225,650,185,650,225,650
C227,non-critical,P3 light (hull-pruned),85055.000000,85015.000000,4,93055.000000,256000.000000,845.436988,216431868.800000,False,False,225,1050,225,650,185,650,225,650
C228,non-critical,P3 light (hull-pruned),85055.000000,85015.000000,0,0.000000,162945.000000,848.816165,138310350.000000,True,True,225,1050,225,650,185,650,225,1050
C228,non-critical,P3 light (hull-pruned),85055.000000,85015.000000,1,23363.000000,186308.000000,835.170631,155598970.000000,True,True,225,1050,225,650,185,650,225,1050
C228,non-critical,P3 light (hull-pruned),85055.000000,85015.000000,2,54869.000000,217814.000000,828.868299,180539119.600000,True,True,225,1050,225,650,185,650,225,1050
C228,non-critical,P3 light (hull-pruned),85055.000000,85015.000000,3,87065.000000,250010.000000,840.114775,210037094.800000,False,False,225,1050,225,650,185,650,225,1050
C228,non-critical,P3 light (hull-pruned),85055.000000,85015.000000,4,93055.000000,256000.000000,845.788550,216521868.800000,False,False,225,1050,225,650,185,650,225,1050
C229,non-critical,P3 light (hull-pruned),85095.000000,85015.000000,0,0.000000,162905.000000,848.766766,138268350.000000,True,True,225,1050,225,650,185,1050,185,650
C229,non-critical,P3 light (hull-pruned),85095.000000,85015.000000,1,23363.000000,186268.000000,835.124498,155556970.000000,True,True,225,1050,225,650,185,1050,185,650
C229,non-critical,P3 light (hull-pruned),85095.000000,85015.000000,2,54869.000000,217774.000000,828.827682,180497119.600000,True,True,225,1050,225,650,185,1050,185,650
C229,non-critical,P3 light (hull-pruned),85095.000000,85015.000000,3,87065.000000,249970.000000,840.081189,209995094.800000,False,False,225,1050,225,650,185,1050,185,650
C229,non-critical,P3 light (hull-pruned),85095.000000,85015.000000,4,93055.000000,255960.000000,845.756637,216479868.800000,False,False,225,1050,225,650,185,1050,185,650
C230,non-critical,P3 light (hull-pruned),85095.000000,85015.000000,0,0.000000,162905.000000,849.221018,138342350.000000,True,True,225,1050,225,650,185,1050,185,1050
C230,non-critical,P3 light (hull-pruned),85095.000000,85015.000000,1,23363.000000,186268.000000,835.521775,155630970.000000,True,True,225,1050,225,650,185,1050,185,1050
C230,non-critical,P3 light (hull-pruned),85095.000000,85015.000000,2,54869.000000,217774.000000,829.167484,180571119.600000,True,True,225,1050,225,650,185,1050,185,1050
C230,non-critical,P3 light (hull-pruned),85095.000000,85015.000000,3,87065.000000,249970.000000,840.377224,210069094.800000,False,False,225,1050,225,650,185,1050,185,1050
C230,non-critical,P3 light (hull-pruned),85095.000000,85015.000000,4,93055.000000,255960.000000,846.045745,216553868.800000,False,False,225,1050,225,650,185,1050,185,1050
C231,non-critical,P3 light (hull-pruned),85055.000000,85015.000000,0,0.000000,162945.000000,848.717972,138294350.000000,True,True,225,1050,225,650,185,1050,225,650
C231,non-critical,P3 light (hull-pruned),85055.000000,85015.000000,1,23363.000000,186308.000000,835.084752,155582970.000000,True,True,225,1050,225,650,185,1050,225,650
C231,non-critical,P3 light (hull-pruned),85055.000000,85015.000000,2,54869.000000,217814.000000,828.794841,180523119.600000,True,True,225,1050,225,650,185,1050,225,650
C231,non-critical,P3 light (hull-pruned),85055.000000,85015.000000,3,87065.000000,250010.000000,840.050777,210021094.800000,False,False,225,1050,225,650,185,1050,225,650
C231,non-critical,P3 light (hull-pruned),85055.000000,85015.000000,4,93055.000000,256000.000000,845.726050,216505868.800000,False,False,225,1050,225,650,185,1050,225,650
C232,non-critical,P3 light (hull-pruned),85055.000000,85015.000000,0,0.000000,162945.000000,849.270306,138384350.000000,True,True,225,1050,225,650,185,1050,225,1050
C232,non-critical,P3 light (hull-pruned),85055.000000,85015.000000,1,23363.000000,186308.000000,835.567823,155672970.000000,True,True,225,1050,225,650,185,1050,225,1050
C232,non-critical,P3 light (hull-pruned),85055.000000,85015.000000,2,54869.000000,217814.000000,829.208038,180613119.600000,True,True,225,1050,225,650,185,1050,225,1050
C232,non-critical,P3 light (hull-pruned),85055.000000,85015.000000,3,87065.000000,250010.000000,840.410763,210111094.800000,False,False,225,1050,225,650,185,1050,225,1050
C232,non-critical,P3 light (hull-pruned),85055.000000,85015.000000,4,93055.000000,256000.000000,846.077613,216595868.800000,False,False,225,1050,225,650,185,1050,225,1050
C233,non-critical,P4 light (hull-pruned),85055.000000,85015.000000,0,0.000000,162945.000000,848.263831,138220350.000000,True,True,225,1050,225,650,225,650,185,650
C233,non-critical,P4 light (hull-pruned),85055.000000,85015.000000,1,23363.000000,186308.000000,834.687560,155508970.000000,True,True,225,1050,225,650,225,650,185,650
C233,non-critical,P4 light (hull-pruned),85055.000000,85015.000000,2,54869.000000,217814.000000,828.455102,180449119.600000,True,True,225,1050,225,650,225,650,185,650
C233,non-critical,P4 light (hull-pruned),85055.000000,85015.000000,3,87065.000000,250010.000000,839.754789,209947094.800000,False,False,225,1050,225,650,225,650,185,650
C233,non-critical,P4 light (hull-pruned),85055.000000,85015.000000,4,93055.000000,256000.000000,845.436988,216431868.800000,False,False,225,1050,225,650,225,650,185,650
C234,non-critical,P4 light (hull-pruned),85055.000000,85015.000000,0,0.000000,162945.000000,848.717972,138294350.000000,True,True,225,1050,225,650,225,650,185,1050
C234,non-critical,P4 light (hull-pruned),85055.000000,85015.000000,1,23363.000000,186308.000000,835.084752,155582970.000000,True,True,225,1050,225,650,225,650,185,1050
C234,non-critical,P4 light (hull-pruned),85055.000000,85015.000000,2,54869.000000,217814.000000,828.794841,180523119.600000,True,True,225,1050,225,650,225,650,185,1050
C234,non-critical,P4 light (hull-pruned),85055.000000,85015.000000,3,87065.000000,250010.000000,840.050777,210021094.800000,False,False,225,1050,225,650,225,650,185,1050
C234,non-critical,P4 light (hull-pruned),85055.000000,85015.000000,4,93055.000000,256000.000000,845.726050,216505868.800000,False,False,225,1050,225,650,225,650,185,1050
C235,critical,all-heavy (limiting group),85015.000000,85015.000000,0,0.000000,162985.000000,848.215173,138246350.000000,True,True,225,1050,225,650,225,650,225,650
C235,critical,all-heavy (limiting group),85015.000000,85015.000000,1,23363.000000,186348.000000,834.647917,155534970.000000,True,True,225,1050,225,650,225,650,225,650
C235,critical,all-heavy (limiting group),85015.000000,85015.000000,2,54869.000000,217854.000000,828.422336,180475119.600000,True,True,225,1050,225,650,225,650,225,650
C235,critical,all-heavy (limiting group),85015.000000,85015.000000,3,87065.000000,250050.000000,839.724434,209973094.800000,False,False,225,1050,225,650,225,650,225,650
C235,critical,all-heavy (limiting group),85015.000000,85015.000000,4,93055.000000,256040.000000,845.406455,216457868.800000,False,False,225,1050,225,650,225,650,225,650
C236,critical,all-heavy (limiting group),85015.000000,85015.000000,0,0.000000,162985.000000,848.767371,138336350.000000,True,True,225,1050,225,650,225,650,225,1050
C236,critical,all-heavy (limiting group),85015.000000,85015.000000,1,23363.000000,186348.000000,835.130884,155624970.000000,True,True,225,1050,225,650,225,650,225,1050
C236,critical,all-heavy (limiting group),85015.000000,85015.000000,2,54869.000000,217854.000000,828.835457,180565119.600000,True,True,225,1050,225,650,225,650,225,1050
C236,critical,all-heavy (limiting group),85015.000000,85015.000000,3,87065.000000,250050.000000,840.084362,210063094.800000,False,False,225,1050,225,650,225,650,225,1050
C236,critical,all-heavy (limiting group),85015.000000,85015.000000,4,93055.000000,256040.000000,845.757963,216547868.800000,False,False,225,1050,225,650,225,650,225,1050
C237,non-critical,P4 light (hull-pruned),85055.000000,85015.000000,0,0.000000,162945.000000,848.816165,138310350.000000,True,True,225,1050,225,650,225,1050,185,650
C237,non-critical,P4 light (hull-pruned),85055.000000,85015.000000,1,23363.000000,186308.000000,835.170631,155598970.000000,True,True,225,1050,225,650,225,1050,185,650
C237,non-critical,P4 light (hull-pruned),85055.000000,85015.000000,2,54869.000000,217814.000000,828.868299,180539119.600000,True,True,225,1050,225,650,225,1050,185,650
C237,non-critical,P4 light (hull-pruned),85055.000000,85015.000000,3,87065.000000,250010.000000,840.114775,210037094.800000,False,False,225,1050,225,650,225,1050,185,650
C237,non-critical,P4 light (hull-pruned),85055.000000,85015.000000,4,93055.000000,256000.000000,845.788550,216521868.800000,False,False,225,1050,225,650,225,1050,185,650
C238,non-critical,P4 light (hull-pruned),85055.000000,85015.000000,0,0.000000,162945.000000,849.270306,138384350.000000,True,True,225,1050,225,650,225,1050,185,1050
C238,non-critical,P4 light (hull-pruned),85055.000000,85015.000000,1,23363.000000,186308.000000,835.567823,155672970.000000,True,True,225,1050,225,650,225,1050,185,1050
C238,non-critical,P4 light (hull-pruned),85055.000000,85015.000000,2,54869.000000,217814.000000,829.208038,180613119.600000,True,True,225,1050,225,650,225,1050,185,1050
C238,non-critical,P4 light (hull-pruned),85055.000000,85015.000000,3,87065.000000,250010.000000,840.410763,210111094.800000,False,False,225,1050,225,650,225,1050,185,1050
C238,non-critical,P4 light (hull-pruned),85055.000000,85015.000000,4,93055.000000,256000.000000,846.077613,216595868.800000,False,False,225,1050,225,650,225,1050,185,1050
C239,critical,all-heavy (limiting group),85015.000000,85015.000000,0,0.000000,162985.000000,848.767371,138336350.000000,True,True,225,1050,225,650,225,1050,225,650
C239,critical,all-heavy (limiting group),85015.000000,85015.000000,1,23363.000000,186348.000000,835.130884,155624970.000000,True,True,225,1050,225,650,225,1050,225,650
C239,critical,all-heavy (limiting group),85015.000000,85015.000000,2,54869.000000,217854.000000,828.835457,180565119.600000,True,True,225,1050,225,650,225,1050,225,650
C239,critical,all-heavy (limiting group),85015.000000,85015.000000,3,87065.000000,250050.000000,840.084362,210063094.800000,False,False,225,1050,225,650,225,1050,225,650
C239,critical,all-heavy (limiting group),85015.000000,85015.000000,4,93055.000000,256040.000000,845.757963,216547868.800000,False,False,225,1050,225,650,225,1050,225,650
C240,critical,all-heavy (limiting group),85015.000000,85015.000000,0,0.000000,162985.000000,849.319569,138426350.000000,True,True,225,1050,225,650,225,1050,225,1050
C240,critical,all-heavy (limiting group),85015.000000,85015.000000,1,23363.000000,186348.000000,835.613852,155714970.000000,True,True,225,1050,225,650,225,1050,225,1050
C240,critical,all-heavy (limiting group),85015.000000,85015.000000,2,54869.000000,217854.000000,829.248577,180655119.600000,True,True,225,1050,225,650,225,1050,225,1050
C240,critical,all-heavy (limiting group),85015.000000,85015.000000,3,87065.000000,250050.000000,840.444290,210153094.800000,False,False,225,1050,225,650,225,1050,225,1050
C240,critical,all-heavy (limiting group),85015.000000,85015.000000,4,93055.000000,256040.000000,846.109470,216637868.800000,False,False,225,1050,225,650,225,1050,225,1050
C241,non-critical,P3 light (hull-pruned),85095.000000,85015.000000,0,0.000000,162905.000000,848.864983,138284350.000000,True,True,225,1050,225,1050,185,650,185,650
C241,non-critical,P3 light (hull-pruned),85095.000000,85015.000000,1,23363.000000,186268.000000,835.210396,155572970.000000,True,True,225,1050,225,1050,185,650,185,650
C241,non-critical,P3 light (hull-pruned),85095.000000,85015.000000,2,54869.000000,217774.000000,828.901153,180513119.600000,True,True,225,1050,225,1050,185,650,185,650
C241,non-critical,P3 light (hull-pruned),85095.000000,85015.000000,3,87065.000000,249970.000000,840.145197,210011094.800000,False,False,225,1050,225,1050,185,650,185,650
C241,non-critical,P3 light (hull-pruned),85095.000000,85015.000000,4,93055.000000,255960.000000,845.819147,216495868.800000,False,False,225,1050,225,1050,185,650,185,650
C242,non-critical,P3 light (hull-pruned),85095.000000,85015.000000,0,0.000000,162905.000000,849.319235,138358350.000000,True,True,225,1050,225,1050,185,650,185,1050
C242,non-critical,P3 light (hull-pruned),85095.000000,85015.000000,1,23363.000000,186268.000000,835.607673,155646970.000000,True,True,225,1050,225,1050,185,650,185,1050
C242,non-critical,P3 light (hull-pruned),85095.000000,85015.000000,2,54869.000000,217774.000000,829.240954,180587119.600000,True,True,225,1050,225,1050,185,650,185,1050
C242,non-critical,P3 light (hull-pruned),85095.000000,85015.000000,3,87065.000000,249970.000000,840.441232,210085094.800000,False,False,225,1050,225,1050,185,650,185,1050
C242,non-critical,P3 light (hull-pruned),85095.000000,85015.000000,4,93055.000000,255960.000000,846.108254,216569868.800000,False,False,225,1050,225,1050,185,650,185,1050
C243,non-critical,P3 light (hull-pruned),85055.000000,85015.000000,0,0.000000,162945.000000,848.816165,138310350.000000,True,True,225,1050,225,1050,185,650,225,650
C243,non-critical,P3 light (hull-pruned),85055.000000,85015.000000,1,23363.000000,186308.000000,835.170631,155598970.000000,True,True,225,1050,225,1050,185,650,225,650
C243,non-critical,P3 light (hull-pruned),85055.000000,85015.000000,2,54869.000000,217814.000000,828.868299,180539119.600000,True,True,225,1050,225,1050,185,650,225,650
C243,non-critical,P3 light (hull-pruned),85055.000000,85015.000000,3,87065.000000,250010.000000,840.114775,210037094.800000,False,False,225,1050,225,1050,185,650,225,650
C243,non-critical,P3 light (hull-pruned),85055.000000,85015.000000,4,93055.000000,256000.000000,845.788550,216521868.800000,False,False,225,1050,225,1050,185,650,225,650
C244,non-critical,P3 light (hull-pruned),85055.000000,85015.000000,0,0.000000,162945.000000,849.368499,138400350.000000,True,True,225,1050,225,1050,185,650,225,1050
C244,non-critical,P3 light (hull-pruned),85055.000000,85015.000000,1,23363.000000,186308.000000,835.653702,155688970.000000,True,True,225,1050,225,1050,185,650,225,1050
C244,non-critical,P3 light (hull-pruned),85055.000000,85015.000000,2,54869.000000,217814.000000,829.281495,180629119.600000,True,True,225,1050,225,1050,185,650,225,1050
C244,non-critical,P3 light (hull-pruned),85055.000000,85015.000000,3,87065.000000,250010.000000,840.474760,210127094.800000,False,False,225,1050,225,1050,185,650,225,1050
C244,non-critical,P3 light (hull-pruned),85055.000000,85015.000000,4,93055.000000,256000.000000,846.140113,216611868.800000,False,False,225,1050,225,1050,185,650,225,1050
C245,non-critical,P3 light (hull-pruned),85095.000000,85015.000000,0,0.000000,162905.000000,849.319235,138358350.000000,True,True,225,1050,225,1050,185,1050,185,650
C245,non-critical,P3 light (hull-pruned),85095.000000,85015.000000,1,23363.000000,186268.000000,835.607673,155646970.000000,True,True,225,1050,225,1050,185,1050,185,650
C245,non-critical,P3 light (hull-pruned),85095.000000,85015.000000,2,54869.000000,217774.000000,829.240954,180587119.600000,True,True,225,1050,225,1050,185,1050,185,650
C245,non-critical,P3 light (hull-pruned),85095.000000,85015.000000,3,87065.000000,249970.000000,840.441232,210085094.800000,False,False,225,1050,225,1050,185,1050,185,650
C245,non-critical,P3 light (hull-pruned),85095.000000,85015.000000,4,93055.000000,255960.000000,846.108254,216569868.800000,False,False,225,1050,225,1050,185,1050,185,650
C246,non-critical,P3 light (hull-pruned),85095.000000,85015.000000,0,0.000000,162905.000000,849.773488,138432350.000000,True,True,225,1050,225,1050,185,1050,185,1050
C246,non-critical,P3 light (hull-pruned),85095.000000,85015.000000,1,23363.000000,186268.000000,836.004950,155720970.000000,True,True,225,1050,225,1050,185,1050,185,1050
C246,non-critical,P3 light (hull-pruned),85095.000000,85015.000000,2,54869.000000,217774.000000,829.580756,180661119.600000,True,True,225,1050,225,1050,185,1050,185,1050
C246,non-critical,P3 light (hull-pruned),85095.000000,85015.000000,3,87065.000000,249970.000000,840.737268,210159094.800000,False,False,225,1050,225,1050,185,1050,185,1050
C246,non-critical,P3 light (hull-pruned),85095.000000,85015.000000,4,93055.000000,255960.000000,846.397362,216643868.800000,False,False,225,1050,225,1050,185,1050,185,1050
C247,non-critical,P3 light (hull-pruned),85055.000000,85015.000000,0,0.000000,162945.000000,849.270306,138384350.000000,True,True,225,1050,225,1050,185,1050,225,650
C247,non-critical,P3 light (hull-pruned),85055.000000,85015.000000,1,23363.000000,186308.000000,835.567823,155672970.000000,True,True,225,1050,225,1050,185,1050,225,650
C247,non-critical,P3 light (hull-pruned),85055.000000,85015.000000,2,54869.000000,217814.000000,829.208038,180613119.600000,True,True,225,1050,225,1050,185,1050,225,650
C247,non-critical,P3 light (hull-pruned),85055.000000,85015.000000,3,87065.000000,250010.000000,840.410763,210111094.800000,False,False,225,1050,225,1050,185,1050,225,650
C247,non-critical,P3 light (hull-pruned),85055.000000,85015.000000,4,93055.000000,256000.000000,846.077613,216595868.800000,False,False,225,1050,225,1050,185,1050,225,650
C248,non-critical,P3 light (hull-pruned),85055.000000,85015.000000,0,0.000000,162945.000000,849.822640,138474350.000000,True,True,225,1050,225,1050,185,1050,225,1050
C248,non-critical,P3 light (hull-pruned),85055.000000,85015.000000,1,23363.000000,186308.000000,836.050894,155762970.000000,True,True,225,1050,225,1050,185,1050,225,1050
C248,non-critical,P3 light (hull-pruned),85055.000000,85015.000000,2,54869.000000,217814.000000,829.621235,180703119.600000,True,True,225,1050,225,1050,185,1050,225,1050
C248,non-critical,P3 light (hull-pruned),85055.000000,85015.000000,3,87065.000000,250010.000000,840.770748,210201094.800000,False,False,225,1050,225,1050,185,1050,225,1050
C248,non-critical,P3 light (hull-pruned),85055.000000,85015.000000,4,93055.000000,256000.000000,846.429175,216685868.800000,False,False,225,1050,225,1050,185,1050,225,1050
C249,non-critical,P4 light (hull-pruned),85055.000000,85015.000000,0,0.000000,162945.000000,848.816165,138310350.000000,True,True,225,1050,225,1050,225,650,185,650
C249,non-critical,P4 light (hull-pruned),85055.000000,85015.000000,1,23363.000000,186308.000000,835.170631,155598970.000000,True,True,225,1050,225,1050,225,650,185,650
C249,non-critical,P4 light (hull-pruned),85055.000000,85015.000000,2,54869.000000,217814.000000,828.868299,180539119.600000,True,True,225,1050,225,1050,225,650,185,650
C249,non-critical,P4 light (hull-pruned),85055.000000,85015.000000,3,87065.000000,250010.000000,840.114775,210037094.800000,False,False,225,1050,225,1050,225,650,185,650
C249,non-critical,P4 light (hull-pruned),85055.000000,85015.000000,4,93055.000000,256000.000000,845.788550,216521868.800000,False,False,225,1050,225,1050,225,650,185,650
C250,non-critical,P4 light (hull-pruned),85055.000000,85015.000000,0,0.000000,162945.000000,849.270306,138384350.000000,True,True,225,1050,225,1050,225,650,185,1050
C250,non-critical,P4 light (hull-pruned),85055.000000,85015.000000,1,23363.000000,186308.000000,835.567823,155672970.000000,True,True,225,1050,225,1050,225,650,185,1050
C250,non-critical,P4 light (hull-pruned),85055.000000,85015.000000,2,54869.000000,217814.000000,829.208038,180613119.600000,True,True,225,1050,225,1050,225,650,185,1050
C250,non-critical,P4 light (hull-pruned),85055.000000,85015.000000,3,87065.000000,250010.000000,840.410763,210111094.800000,False,False,225,1050,225,1050,225,650,185,1050
C250,non-critical,P4 light (hull-pruned),85055.000000,85015.000000,4,93055.000000,256000.000000,846.077613,216595868.800000,False,False,225,1050,225,1050,225,650,185,1050
C251,critical,all-heavy (limiting group),85015.000000,85015.000000,0,0.000000,162985.000000,848.767371,138336350.000000,True,True,225,1050,225,1050,225,650,225,650
C251,critical,all-heavy (limiting group),85015.000000,85015.000000,1,23363.000000,186348.000000,835.130884,155624970.000000,True,True,225,1050,225,1050,225,650,225,650
C251,critical,all-heavy (limiting group),85015.000000,85015.000000,2,54869.000000,217854.000000,828.835457,180565119.600000,True,True,225,1050,225,1050,225,650,225,650
C251,critical,all-heavy (limiting group),85015.000000,85015.000000,3,87065.000000,250050.000000,840.084362,210063094.800000,False,False,225,1050,225,1050,225,650,225,650
C251,critical,all-heavy (limiting group),85015.000000,85015.000000,4,93055.000000,256040.000000,845.757963,216547868.800000,False,False,225,1050,225,1050,225,650,225,650
C252,critical,all-heavy (limiting group),85015.000000,85015.000000,0,0.000000,162985.000000,849.319569,138426350.000000,True,True,225,1050,225,1050,225,650,225,1050
C252,critical,all-heavy (limiting group),85015.000000,85015.000000,1,23363.000000,186348.000000,835.613852,155714970.000000,True,True,225,1050,225,1050,225,650,225,1050
C252,critical,all-heavy (limiting group),85015.000000,85015.000000,2,54869.000000,217854.000000,829.248577,180655119.600000,True,True,225,1050,225,1050,225,650,225,1050
C252,critical,all-heavy (limiting group),85015.000000,85015.000000,3,87065.000000,250050.000000,840.444290,210153094.800000,False,False,225,1050,225,1050,225,650,225,1050
C252,critical,all-heavy (limiting group),85015.000000,85015.000000,4,93055.000000,256040.000000,846.109470,216637868.800000,False,False,225,1050,225,1050,225,650,225,1050
C253,non-critical,P4 light (hull-pruned),85055.000000,85015.000000,0,0.000000,162945.000000,849.368499,138400350.000000,True,True,225,1050,225,1050,225,1050,185,650
C253,non-critical,P4 light (hull-pruned),85055.000000,85015.000000,1,23363.000000,186308.000000,835.653702,155688970.000000,True,True,225,1050,225,1050,225,1050,185,650
C253,non-critical,P4 light (hull-pruned),85055.000000,85015.000000,2,54869.000000,217814.000000,829.281495,180629119.600000,True,True,225,1050,225,1050,225,1050,185,650
C253,non-critical,P4 light (hull-pruned),85055.000000,85015.000000,3,87065.000000,250010.000000,840.474760,210127094.800000,False,False,225,1050,225,1050,225,1050,185,650
C253,non-critical,P4 light (hull-pruned),85055.000000,85015.000000,4,93055.000000,256000.000000,846.140113,216611868.800000,False,False,225,1050,225,1050,225,1050,185,650
C254,non-critical,P4 light (hull-pruned),85055.000000,85015.000000,0,0.000000,162945.000000,849.822640,138474350.000000,True,True,225,1050,225,1050,225,1050,185,1050
C254,non-critical,P4 light (hull-pruned),85055.000000,85015.000000,1,23363.000000,186308.000000,836.050894,155762970.000000,True,True,225,1050,225,1050,225,1050,185,1050
C254,non-critical,P4 light (hull-pruned),85055.000000,85015.000000,2,54869.000000,217814.000000,829.621235,180703119.600000,True,True,225,1050,225,1050,225,1050,185,1050
C254,non-critical,P4 light (hull-pruned),85055.000000,85015.000000,3,87065.000000,250010.000000,840.770748,210201094.800000,False,False,225,1050,225,1050,225,1050,185,1050
C254,non-critical,P4 light (hull-pruned),85055.000000,85015.000000,4,93055.000000,256000.000000,846.429175,216685868.800000,False,False,225,1050,225,1050,225,1050,185,1050
C255,critical,all-heavy (limiting group),85015.000000,85015.000000,0,0.000000,162985.000000,849.319569,138426350.000000,True,True,225,1050,225,1050,225,1050,225,650
C255,critical,all-heavy (limiting group),85015.000000,85015.000000,1,23363.000000,186348.000000,835.613852,155714970.000000,True,True,225,1050,225,1050,225,1050,225,650
C255,critical,all-heavy (limiting group),85015.000000,85015.000000,2,54869.000000,217854.000000,829.248577,180655119.600000,True,True,225,1050,225,1050,225,1050,225,650
C255,critical,all-heavy (limiting group),85015.000000,85015.000000,3,87065.000000,250050.000000,840.444290,210153094.800000,False,False,225,1050,225,1050,225,1050,225,650
C255,critical,all-heavy (limiting group),85015.000000,85015.000000,4,93055.000000,256040.000000,846.109470,216637868.800000,False,False,225,1050,225,1050,225,1050,225,650
C256,critical,all-heavy (limiting group),85015.000000,85015.000000,0,0.000000,162985.000000,849.871767,138516350.000000,True,True,225,1050,225,1050,225,1050,225,1050
C256,critical,all-heavy (limiting group),85015.000000,85015.000000,1,23363.000000,186348.000000,836.096819,155804970.000000,True,True,225,1050,225,1050,225,1050,225,1050
C256,critical,all-heavy (limiting group),85015.000000,85015.000000,2,54869.000000,217854.000000,829.661698,180745119.600000,True,True,225,1050,225,1050,225,1050,225,1050
C256,critical,all-heavy (limiting group),85015.000000,85015.000000,3,87065.000000,250050.000000,840.804218,210243094.800000,False,False,225,1050,225,1050,225,1050,225,1050
C256,critical,all-heavy (limiting group),85015.000000,85015.000000,4,93055.000000,256040.000000,846.460978,216727868.800000,False,False,225,1050,225,1050,225,1050,225,1050
